des,p,ra,re,url
"Deco Gear 35"" Curved Ultrawide LED Gaming Monitor 21:9 Aspect Ratio, Crisp 2560 x 1080 Resolution, 16.7 Million Colors, 75 HZ Refresh Rate, 2000:1 Contrast Ratio, (HDMI, DVI, and DP Connections)",$339.95,4.7 out of 5 stars,333,https://www.amazon.com/s?k=ultrawide+monitor&ref=nb_sb_noss_1
"Sceptre Curved 30"" 21:9 Gaming LED Monitor 2560x1080p UltraWide Ultra Slim HDMI DisplayPort Up to 85Hz MPRT 1ms FPS-RTS Build-in Speakers, Machine Black (C305W-2560UN)",$235.91,4.6 out of 5 stars,"2,338",https://www.amazon.com/s?k=ultrawide+monitor&ref=nb_sb_noss_1
"LG 29WN600-W 29"" 21:9 UltraWide WFHD IPS HDR10 Monitor with FreeSync, Silver",$226.99,4.7 out of 5 stars,"1,814",https://www.amazon.com/s?k=ultrawide+monitor&ref=nb_sb_noss_1
"LG 29WP60G-B 29 Inch 21:9 UltraWide Full HD (2560 x 1080) IPS Monitor with sRGB 99% Color Gamut and HDR 10, USB Type-C Connectivity and 3-Side Virtually Borderless Display, Black",$226.99,4.6 out of 5 stars,"1,034",https://www.amazon.com/s?k=ultrawide+monitor&ref=nb_sb_noss_1
"Sceptre 35 Inch Curved UltraWide 21: 9 LED Creative Monitor QHD 3440x1440 Frameless AMD Freesync HDMI DisplayPort Up to 100Hz, Machine Black 2020 (C355W-3440UN)",$399.97,4.6 out of 5 stars,"2,251",https://www.amazon.com/s?k=ultrawide+monitor&ref=nb_sb_noss_1
LG 34GP83A-B 34 Inch 21: 9 UltraGear Curved QHD (3440 x 1440) 1ms Nano IPS Gaming Monitor with 144Hz and G-SYNC Compatibility - Black (34GP83A-B),$799.99,4.7 out of 5 stars,604,https://www.amazon.com/s?k=ultrawide+monitor&ref=nb_sb_noss_1
LG 25UM58-P 25'' UltraWide 21:9 IPS Full HD Monitor with sRGB 99% and On-Screen Control with Screen Split,$178.99,4.5 out of 5 stars,"3,812",https://www.amazon.com/s?k=ultrawide+monitor&ref=nb_sb_noss_1
"Z-Edge U24I 24"" Full HD 1920x1080 75Hz LED IPS Monitor 178° Wide View Angle HDMI VGA with Eye Care Technology",$129.99,4.5 out of 5 stars,77,https://www.amazon.com/s?k=ultrawide+monitor&ref=nb_sb_noss_1
"GIGABYTE G34WQC 34"" 144Hz Ultra-Wide Curved Gaming Monitor, 3440 x 1440 VA 1500R Display, 1ms (MPRT) Response Time, 90% DCI-P3, VESA Display HDR400, FreeSync Premium, G-Sync Compatible Ready",$399.99,4.6 out of 5 stars,"2,492",https://www.amazon.com/s?k=ultrawide+monitor&ref=nb_sb_noss_1
"AOC CU34G2X 34"" Curved Frameless Immersive Gaming Monitor, UltraWide QHD 3440x1440, VA Panel, 1ms 144Hz Adaptive-Sync, Height Adjustable, 3-Yr Zero Dead Pixels",$449.99,4.7 out of 5 stars,"9,193",https://www.amazon.com/s?k=ultrawide+monitor&ref=nb_sb_noss_1
"Z-Edge U29IA 29"" Ultrawide Gaming Monitor 2560x1080 WFHD 21:9 Aspect Ratio 100Hz Refresh Rate 4ms MPRT IPS Monitor, HDMIx2+DP with Wireless Keyword and Mouse (Black)",$189.99,4.2 out of 5 stars,39,https://www.amazon.com/s?k=ultrawide+monitor&ref=nb_sb_noss_1
"Philips 343E2E 34"" Frameless IPS Monitor, UltraWide Full HD 2560x1080, 123% sRGB/109% NTSC, 1ms 75Hz FreeSync, USB-C (w/PD up to 65W), Height Adjustable, VESA, 4Yr Advance Replacement",$297.60,4.6 out of 5 stars,"8,559",https://www.amazon.com/s?k=ultrawide+monitor&ref=nb_sb_noss_1
"MOUNTUP Dual Monitor Stand - Free Standing & Height Adjustable Monitor Desk Mount, Steady VESA Mount Computer Monitor Stand for 2 Screens up to 27 inch, MU1002",$37.99,4.5 out of 5 stars,66,https://www.amazon.com/s?k=ultrawide+monitor&ref=nb_sb_noss_1
"Acer Nitro XZ342CK Pbmiiphx 34"" 1500R Curved WQHD (3440 x 1440) VA Gaming Monitor with AMD Radeon Freesync, VESA Certified DisplayHDR400, 95% sRGB, 144Hz, 1ms VRB (Display Port & 2 x HDMI 2.0 Ports)",$427.99,4.5 out of 5 stars,948,https://www.amazon.com/s?k=ultrawide+monitor&ref=nb_sb_noss_1
"Sceptre Curved 30"" 21:9 Gaming LED Monitor 2560x1080p UltraWide Ultra Slim HDMI DisplayPort Up to 85Hz MPRT 1ms FPS-RTS Build-in Speakers, Machine Black (C305W-2560UN)",$235.91,4.6 out of 5 stars,"2,338",https://www.amazon.com/s?k=ultrawide+monitor&ref=nb_sb_noss_1
"Lenovo G34w-10 34-Inch WQHD Curved Gaming Monitor, 21:9 Ultra-Wide, 3 Side NearEdgeless, 3440 x 1440, AMD FreeSync, 144Hz, HDMI, DP, Adjustable Stand, VESA, 66A1GCCBUS, Black",$459.99,4.3 out of 5 stars,89,https://www.amazon.com/s?k=ultrawide+monitor&ref=nb_sb_noss_1
"TVON Single VESA Monitor Stand, Free-Standing Computer Desk Riser for 13-32 inch Screen with Height Adjustable,Swivel, Tilt,Rotation Mount, Hold up to 22 lbs, VESA 75x75 100x100mm, Black",$29.99,3.6 out of 5 stars,5,https://www.amazon.com/s?k=ultrawide+monitor&ref=nb_sb_noss_1
"Z-Edge U28I4K 28-inch Gaming Monitor Ultra HD 4K 3840x2160 IPS LED Monitor, 300 cd/m², 4 ms Response Time, HDMI+DP+Type-C+USB-B+USB2, Built-in Speakers, FreeSync Technology",$269.99,3.9 out of 5 stars,15,https://www.amazon.com/s?k=ultrawide+monitor&ref=nb_sb_noss_1
"Deco Gear 35"" Curved Ultrawide LED Gaming Monitor 21:9 Aspect Ratio, Crisp 2560 x 1080 Resolution, 16.7 Million Colors, 75 HZ Refresh Rate, 2000:1 Contrast Ratio, (HDMI, DVI, and DP Connections)",$339.95,4.7 out of 5 stars,333,https://www.amazon.com/s?k=ultrawide+monitor&ref=nb_sb_noss_1
"Sceptre Curved 30"" 21:9 Gaming LED Monitor 2560x1080p UltraWide Ultra Slim HDMI DisplayPort Up to 85Hz MPRT 1ms FPS-RTS Build-in Speakers, Machine Black (C305W-2560UN)",$235.91,4.6 out of 5 stars,"2,338",https://www.amazon.com/s?k=ultrawide+monitor&ref=nb_sb_noss_1
"LG 29WN600-W 29"" 21:9 UltraWide WFHD IPS HDR10 Monitor with FreeSync, Silver",$226.99,4.7 out of 5 stars,"1,814",https://www.amazon.com/s?k=ultrawide+monitor&ref=nb_sb_noss_1
"LG 29WP60G-B 29 Inch 21:9 UltraWide Full HD (2560 x 1080) IPS Monitor with sRGB 99% Color Gamut and HDR 10, USB Type-C Connectivity and 3-Side Virtually Borderless Display, Black",$226.99,4.6 out of 5 stars,"1,034",https://www.amazon.com/s?k=ultrawide+monitor&ref=nb_sb_noss_1
"Sceptre 35 Inch Curved UltraWide 21: 9 LED Creative Monitor QHD 3440x1440 Frameless AMD Freesync HDMI DisplayPort Up to 100Hz, Machine Black 2020 (C355W-3440UN)",$399.97,4.6 out of 5 stars,"2,251",https://www.amazon.com/s?k=ultrawide+monitor&ref=nb_sb_noss_1
LG 34GP83A-B 34 Inch 21: 9 UltraGear Curved QHD (3440 x 1440) 1ms Nano IPS Gaming Monitor with 144Hz and G-SYNC Compatibility - Black (34GP83A-B),$799.99,4.7 out of 5 stars,604,https://www.amazon.com/s?k=ultrawide+monitor&ref=nb_sb_noss_1
LG 25UM58-P 25'' UltraWide 21:9 IPS Full HD Monitor with sRGB 99% and On-Screen Control with Screen Split,$178.99,4.5 out of 5 stars,"3,812",https://www.amazon.com/s?k=ultrawide+monitor&ref=nb_sb_noss_1
"MOUNTUP Dual Monitor Stand - Free Standing & Height Adjustable Monitor Desk Mount, Steady VESA Mount Computer Monitor Stand for 2 Screens up to 27 inch, MU1002",$37.99,4.5 out of 5 stars,66,https://www.amazon.com/s?k=ultrawide+monitor&ref=nb_sb_noss_1
"GIGABYTE G34WQC 34"" 144Hz Ultra-Wide Curved Gaming Monitor, 3440 x 1440 VA 1500R Display, 1ms (MPRT) Response Time, 90% DCI-P3, VESA Display HDR400, FreeSync Premium, G-Sync Compatible Ready",$399.99,4.6 out of 5 stars,"2,492",https://www.amazon.com/s?k=ultrawide+monitor&ref=nb_sb_noss_1
"AOC CU34G2X 34"" Curved Frameless Immersive Gaming Monitor, UltraWide QHD 3440x1440, VA Panel, 1ms 144Hz Adaptive-Sync, Height Adjustable, 3-Yr Zero Dead Pixels",$449.99,4.7 out of 5 stars,"9,193",https://www.amazon.com/s?k=ultrawide+monitor&ref=nb_sb_noss_1
"Z-Edge U29IA 29"" Ultrawide Gaming Monitor 2560x1080 WFHD 21:9 Aspect Ratio 100Hz Refresh Rate 4ms MPRT IPS Monitor, HDMIx2+DP with Wireless Keyword and Mouse (Black)",$189.99,4.2 out of 5 stars,39,https://www.amazon.com/s?k=ultrawide+monitor&ref=nb_sb_noss_1
"Philips 343E2E 34"" Frameless IPS Monitor, UltraWide Full HD 2560x1080, 123% sRGB/109% NTSC, 1ms 75Hz FreeSync, USB-C (w/PD up to 65W), Height Adjustable, VESA, 4Yr Advance Replacement",$297.60,4.6 out of 5 stars,"8,559",https://www.amazon.com/s?k=ultrawide+monitor&ref=nb_sb_noss_1
"TVON Single VESA Monitor Stand, Free-Standing Computer Desk Riser for 13-32 inch Screen with Height Adjustable,Swivel, Tilt,Rotation Mount, Hold up to 22 lbs, VESA 75x75 100x100mm, Black",$29.99,3.6 out of 5 stars,5,https://www.amazon.com/s?k=ultrawide+monitor&ref=nb_sb_noss_1
"Acer Nitro XZ342CK Pbmiiphx 34"" 1500R Curved WQHD (3440 x 1440) VA Gaming Monitor with AMD Radeon Freesync, VESA Certified DisplayHDR400, 95% sRGB, 144Hz, 1ms VRB (Display Port & 2 x HDMI 2.0 Ports)",$427.99,4.5 out of 5 stars,948,https://www.amazon.com/s?k=ultrawide+monitor&ref=nb_sb_noss_1
"Sceptre Curved 30"" 21:9 Gaming LED Monitor 2560x1080p UltraWide Ultra Slim HDMI DisplayPort Up to 85Hz MPRT 1ms FPS-RTS Build-in Speakers, Machine Black (C305W-2560UN)",$235.91,4.6 out of 5 stars,"2,338",https://www.amazon.com/s?k=ultrawide+monitor&ref=nb_sb_noss_1
"Lenovo G34w-10 34-Inch WQHD Curved Gaming Monitor, 21:9 Ultra-Wide, 3 Side NearEdgeless, 3440 x 1440, AMD FreeSync, 144Hz, HDMI, DP, Adjustable Stand, VESA, 66A1GCCBUS, Black",$459.99,4.3 out of 5 stars,89,https://www.amazon.com/s?k=ultrawide+monitor&ref=nb_sb_noss_1
"Z-Edge U28I4K 28-inch Gaming Monitor Ultra HD 4K 3840x2160 IPS LED Monitor, 300 cd/m², 4 ms Response Time, HDMI+DP+Type-C+USB-B+USB2, Built-in Speakers, FreeSync Technology",$269.99,3.9 out of 5 stars,15,https://www.amazon.com/s?k=ultrawide+monitor&ref=nb_sb_noss_1
"Z-Edge U24I 24"" Full HD 1920x1080 75Hz LED IPS Monitor 178° Wide View Angle HDMI VGA with Eye Care Technology",$129.99,4.5 out of 5 stars,77,https://www.amazon.com/s?k=ultrawide+monitor&ref=nb_sb_noss_1
"Deco Gear 35"" Curved Ultrawide LED Gaming Monitor 21:9 Aspect Ratio, Crisp 2560 x 1080 Resolution, 16.7 Million Colors, 75 HZ Refresh Rate, 2000:1 Contrast Ratio, (HDMI, DVI, and DP Connections)",$339.95,4.7 out of 5 stars,333,https://www.amazon.com/s?k=ultrawide+monitor&ref=nb_sb_noss_1
"Sceptre Curved 30"" 21:9 Gaming LED Monitor 2560x1080p UltraWide Ultra Slim HDMI DisplayPort Up to 85Hz MPRT 1ms FPS-RTS Build-in Speakers, Machine Black (C305W-2560UN)",$235.91,4.6 out of 5 stars,"2,338",https://www.amazon.com/s?k=ultrawide+monitor&ref=nb_sb_noss_1
"LG 29WN600-W 29"" 21:9 UltraWide WFHD IPS HDR10 Monitor with FreeSync, Silver",$226.99,4.7 out of 5 stars,"1,814",https://www.amazon.com/s?k=ultrawide+monitor&ref=nb_sb_noss_1
"LG 29WP60G-B 29 Inch 21:9 UltraWide Full HD (2560 x 1080) IPS Monitor with sRGB 99% Color Gamut and HDR 10, USB Type-C Connectivity and 3-Side Virtually Borderless Display, Black",$226.99,4.6 out of 5 stars,"1,034",https://www.amazon.com/s?k=ultrawide+monitor&ref=nb_sb_noss_1
"Sceptre 35 Inch Curved UltraWide 21: 9 LED Creative Monitor QHD 3440x1440 Frameless AMD Freesync HDMI DisplayPort Up to 100Hz, Machine Black 2020 (C355W-3440UN)",$399.97,4.6 out of 5 stars,"2,251",https://www.amazon.com/s?k=ultrawide+monitor&ref=nb_sb_noss_1
LG 34GP83A-B 34 Inch 21: 9 UltraGear Curved QHD (3440 x 1440) 1ms Nano IPS Gaming Monitor with 144Hz and G-SYNC Compatibility - Black (34GP83A-B),$799.99,4.7 out of 5 stars,604,https://www.amazon.com/s?k=ultrawide+monitor&ref=nb_sb_noss_1
LG 25UM58-P 25'' UltraWide 21:9 IPS Full HD Monitor with sRGB 99% and On-Screen Control with Screen Split,$178.99,4.5 out of 5 stars,"3,812",https://www.amazon.com/s?k=ultrawide+monitor&ref=nb_sb_noss_1
"MOUNTUP Dual Monitor Stand - Free Standing & Height Adjustable Monitor Desk Mount, Steady VESA Mount Computer Monitor Stand for 2 Screens up to 27 inch, MU1002",$37.99,4.5 out of 5 stars,66,https://www.amazon.com/s?k=ultrawide+monitor&ref=nb_sb_noss_1
"GIGABYTE G34WQC 34"" 144Hz Ultra-Wide Curved Gaming Monitor, 3440 x 1440 VA 1500R Display, 1ms (MPRT) Response Time, 90% DCI-P3, VESA Display HDR400, FreeSync Premium, G-Sync Compatible Ready",$399.99,4.6 out of 5 stars,"2,492",https://www.amazon.com/s?k=ultrawide+monitor&ref=nb_sb_noss_1
"AOC CU34G2X 34"" Curved Frameless Immersive Gaming Monitor, UltraWide QHD 3440x1440, VA Panel, 1ms 144Hz Adaptive-Sync, Height Adjustable, 3-Yr Zero Dead Pixels",$449.99,4.7 out of 5 stars,"9,193",https://www.amazon.com/s?k=ultrawide+monitor&ref=nb_sb_noss_1
"Z-Edge U29IA 29"" Ultrawide Gaming Monitor 2560x1080 WFHD 21:9 Aspect Ratio 100Hz Refresh Rate 4ms MPRT IPS Monitor, HDMIx2+DP with Wireless Keyword and Mouse (Black)",$189.99,4.2 out of 5 stars,39,https://www.amazon.com/s?k=ultrawide+monitor&ref=nb_sb_noss_1
"Philips 343E2E 34"" Frameless IPS Monitor, UltraWide Full HD 2560x1080, 123% sRGB/109% NTSC, 1ms 75Hz FreeSync, USB-C (w/PD up to 65W), Height Adjustable, VESA, 4Yr Advance Replacement",$297.60,4.6 out of 5 stars,"8,559",https://www.amazon.com/s?k=ultrawide+monitor&ref=nb_sb_noss_1
"TVON Single VESA Monitor Stand, Free-Standing Computer Desk Riser for 13-32 inch Screen with Height Adjustable,Swivel, Tilt,Rotation Mount, Hold up to 22 lbs, VESA 75x75 100x100mm, Black",$29.99,3.6 out of 5 stars,5,https://www.amazon.com/s?k=ultrawide+monitor&ref=nb_sb_noss_1
"Acer Nitro XZ342CK Pbmiiphx 34"" 1500R Curved WQHD (3440 x 1440) VA Gaming Monitor with AMD Radeon Freesync, VESA Certified DisplayHDR400, 95% sRGB, 144Hz, 1ms VRB (Display Port & 2 x HDMI 2.0 Ports)",$427.99,4.5 out of 5 stars,948,https://www.amazon.com/s?k=ultrawide+monitor&ref=nb_sb_noss_1
"Sceptre Curved 30"" 21:9 Gaming LED Monitor 2560x1080p UltraWide Ultra Slim HDMI DisplayPort Up to 85Hz MPRT 1ms FPS-RTS Build-in Speakers, Machine Black (C305W-2560UN)",$235.91,4.6 out of 5 stars,"2,338",https://www.amazon.com/s?k=ultrawide+monitor&ref=nb_sb_noss_1
"Lenovo G34w-10 34-Inch WQHD Curved Gaming Monitor, 21:9 Ultra-Wide, 3 Side NearEdgeless, 3440 x 1440, AMD FreeSync, 144Hz, HDMI, DP, Adjustable Stand, VESA, 66A1GCCBUS, Black",$459.99,4.3 out of 5 stars,89,https://www.amazon.com/s?k=ultrawide+monitor&ref=nb_sb_noss_1
"Z-Edge U28I4K 28-inch Gaming Monitor Ultra HD 4K 3840x2160 IPS LED Monitor, 300 cd/m², 4 ms Response Time, HDMI+DP+Type-C+USB-B+USB2, Built-in Speakers, FreeSync Technology",$269.99,3.9 out of 5 stars,15,https://www.amazon.com/s?k=ultrawide+monitor&ref=nb_sb_noss_1
"UG27Q 27-inch IPS Gaming Monitor 100Hz - QHD 2K 2560 x 1440 Computer Monitor with HDR and Eye-Care Technology, 178° Wide View Angle",$239.99,5.0 out of 5 stars,3,https://www.amazon.com/s?k=ultrawide+monitor&ref=nb_sb_noss_1
"Deco Gear 35"" Curved Ultrawide LED Gaming Monitor 21:9 Aspect Ratio, Crisp 2560 x 1080 Resolution, 16.7 Million Colors, 75 HZ Refresh Rate, 2000:1 Contrast Ratio, (HDMI, DVI, and DP Connections)",$339.95,4.7 out of 5 stars,333,https://www.amazon.com/s?k=ultrawide+monitor&ref=nb_sb_noss_1
"Sceptre Curved 30"" 21:9 Gaming LED Monitor 2560x1080p UltraWide Ultra Slim HDMI DisplayPort Up to 85Hz MPRT 1ms FPS-RTS Build-in Speakers, Machine Black (C305W-2560UN)",$235.91,4.6 out of 5 stars,"2,338",https://www.amazon.com/s?k=ultrawide+monitor&ref=nb_sb_noss_1
"LG 29WN600-W 29"" 21:9 UltraWide WFHD IPS HDR10 Monitor with FreeSync, Silver",$226.99,4.7 out of 5 stars,"1,814",https://www.amazon.com/s?k=ultrawide+monitor&ref=nb_sb_noss_1
"LG 29WP60G-B 29 Inch 21:9 UltraWide Full HD (2560 x 1080) IPS Monitor with sRGB 99% Color Gamut and HDR 10, USB Type-C Connectivity and 3-Side Virtually Borderless Display, Black",$226.99,4.6 out of 5 stars,"1,034",https://www.amazon.com/s?k=ultrawide+monitor&ref=nb_sb_noss_1
"Sceptre 35 Inch Curved UltraWide 21: 9 LED Creative Monitor QHD 3440x1440 Frameless AMD Freesync HDMI DisplayPort Up to 100Hz, Machine Black 2020 (C355W-3440UN)",$399.97,4.6 out of 5 stars,"2,251",https://www.amazon.com/s?k=ultrawide+monitor&ref=nb_sb_noss_1
LG 34GP83A-B 34 Inch 21: 9 UltraGear Curved QHD (3440 x 1440) 1ms Nano IPS Gaming Monitor with 144Hz and G-SYNC Compatibility - Black (34GP83A-B),$799.99,4.7 out of 5 stars,604,https://www.amazon.com/s?k=ultrawide+monitor&ref=nb_sb_noss_1
LG 25UM58-P 25'' UltraWide 21:9 IPS Full HD Monitor with sRGB 99% and On-Screen Control with Screen Split,$178.99,4.5 out of 5 stars,"3,812",https://www.amazon.com/s?k=ultrawide+monitor&ref=nb_sb_noss_1
"Z-Edge U24I 24"" Full HD 1920x1080 75Hz LED IPS Monitor 178° Wide View Angle HDMI VGA with Eye Care Technology",$129.99,4.5 out of 5 stars,77,https://www.amazon.com/s?k=ultrawide+monitor&ref=nb_sb_noss_1
"GIGABYTE G34WQC 34"" 144Hz Ultra-Wide Curved Gaming Monitor, 3440 x 1440 VA 1500R Display, 1ms (MPRT) Response Time, 90% DCI-P3, VESA Display HDR400, FreeSync Premium, G-Sync Compatible Ready",$399.99,4.6 out of 5 stars,"2,492",https://www.amazon.com/s?k=ultrawide+monitor&ref=nb_sb_noss_1
"AOC CU34G2X 34"" Curved Frameless Immersive Gaming Monitor, UltraWide QHD 3440x1440, VA Panel, 1ms 144Hz Adaptive-Sync, Height Adjustable, 3-Yr Zero Dead Pixels",$449.99,4.7 out of 5 stars,"9,193",https://www.amazon.com/s?k=ultrawide+monitor&ref=nb_sb_noss_1
"Z-Edge U29IA 29"" Ultrawide Gaming Monitor 2560x1080 WFHD 21:9 Aspect Ratio 100Hz Refresh Rate 4ms MPRT IPS Monitor, HDMIx2+DP with Wireless Keyword and Mouse (Black)",$189.99,4.2 out of 5 stars,39,https://www.amazon.com/s?k=ultrawide+monitor&ref=nb_sb_noss_1
"Philips 343E2E 34"" Frameless IPS Monitor, UltraWide Full HD 2560x1080, 123% sRGB/109% NTSC, 1ms 75Hz FreeSync, USB-C (w/PD up to 65W), Height Adjustable, VESA, 4Yr Advance Replacement",$297.60,4.6 out of 5 stars,"8,559",https://www.amazon.com/s?k=ultrawide+monitor&ref=nb_sb_noss_1
"MOUNTUP Dual Monitor Stand - Free Standing & Height Adjustable Monitor Desk Mount, Steady VESA Mount Computer Monitor Stand for 2 Screens up to 27 inch, MU1002",$37.99,4.5 out of 5 stars,66,https://www.amazon.com/s?k=ultrawide+monitor&ref=nb_sb_noss_1
"Acer Nitro XZ342CK Pbmiiphx 34"" 1500R Curved WQHD (3440 x 1440) VA Gaming Monitor with AMD Radeon Freesync, VESA Certified DisplayHDR400, 95% sRGB, 144Hz, 1ms VRB (Display Port & 2 x HDMI 2.0 Ports)",$427.99,4.5 out of 5 stars,948,https://www.amazon.com/s?k=ultrawide+monitor&ref=nb_sb_noss_1
"Sceptre Curved 30"" 21:9 Gaming LED Monitor 2560x1080p UltraWide Ultra Slim HDMI DisplayPort Up to 85Hz MPRT 1ms FPS-RTS Build-in Speakers, Machine Black (C305W-2560UN)",$235.91,4.6 out of 5 stars,"2,338",https://www.amazon.com/s?k=ultrawide+monitor&ref=nb_sb_noss_1
"Lenovo G34w-10 34-Inch WQHD Curved Gaming Monitor, 21:9 Ultra-Wide, 3 Side NearEdgeless, 3440 x 1440, AMD FreeSync, 144Hz, HDMI, DP, Adjustable Stand, VESA, 66A1GCCBUS, Black",$459.99,4.3 out of 5 stars,89,https://www.amazon.com/s?k=ultrawide+monitor&ref=nb_sb_noss_1
"TVON Single VESA Monitor Stand, Free-Standing Computer Desk Riser for 13-32 inch Screen with Height Adjustable,Swivel, Tilt,Rotation Mount, Hold up to 22 lbs, VESA 75x75 100x100mm, Black",$29.99,3.6 out of 5 stars,5,https://www.amazon.com/s?k=ultrawide+monitor&ref=nb_sb_noss_1
"Z-Edge U28I4K 28-inch Gaming Monitor Ultra HD 4K 3840x2160 IPS LED Monitor, 300 cd/m², 4 ms Response Time, HDMI+DP+Type-C+USB-B+USB2, Built-in Speakers, FreeSync Technology",$269.99,3.9 out of 5 stars,15,https://www.amazon.com/s?k=ultrawide+monitor&ref=nb_sb_noss_1
"Deco Gear 35"" Curved Ultrawide LED Gaming Monitor 21:9 Aspect Ratio, Crisp 2560 x 1080 Resolution, 16.7 Million Colors, 75 HZ Refresh Rate, 2000:1 Contrast Ratio, (HDMI, DVI, and DP Connections)",$339.95,4.7 out of 5 stars,333,https://www.amazon.com/s?k=ultrawide+monitor&ref=nb_sb_noss_1
"Sceptre Curved 30"" 21:9 Gaming LED Monitor 2560x1080p UltraWide Ultra Slim HDMI DisplayPort Up to 85Hz MPRT 1ms FPS-RTS Build-in Speakers, Machine Black (C305W-2560UN)",$235.91,4.6 out of 5 stars,"2,338",https://www.amazon.com/s?k=ultrawide+monitor&ref=nb_sb_noss_1
"LG 29WN600-W 29"" 21:9 UltraWide WFHD IPS HDR10 Monitor with FreeSync, Silver",$226.99,4.7 out of 5 stars,"1,814",https://www.amazon.com/s?k=ultrawide+monitor&ref=nb_sb_noss_1
"LG 29WP60G-B 29 Inch 21:9 UltraWide Full HD (2560 x 1080) IPS Monitor with sRGB 99% Color Gamut and HDR 10, USB Type-C Connectivity and 3-Side Virtually Borderless Display, Black",$226.99,4.6 out of 5 stars,"1,034",https://www.amazon.com/s?k=ultrawide+monitor&ref=nb_sb_noss_1
"Sceptre 35 Inch Curved UltraWide 21: 9 LED Creative Monitor QHD 3440x1440 Frameless AMD Freesync HDMI DisplayPort Up to 100Hz, Machine Black 2020 (C355W-3440UN)",$399.97,4.6 out of 5 stars,"2,251",https://www.amazon.com/s?k=ultrawide+monitor&ref=nb_sb_noss_1
LG 34GP83A-B 34 Inch 21: 9 UltraGear Curved QHD (3440 x 1440) 1ms Nano IPS Gaming Monitor with 144Hz and G-SYNC Compatibility - Black (34GP83A-B),$799.99,4.7 out of 5 stars,604,https://www.amazon.com/s?k=ultrawide+monitor&ref=nb_sb_noss_1
LG 25UM58-P 25'' UltraWide 21:9 IPS Full HD Monitor with sRGB 99% and On-Screen Control with Screen Split,$178.99,4.5 out of 5 stars,"3,812",https://www.amazon.com/s?k=ultrawide+monitor&ref=nb_sb_noss_1
"Z-Edge U24I 24"" Full HD 1920x1080 75Hz LED IPS Monitor 178° Wide View Angle HDMI VGA with Eye Care Technology",$129.99,4.5 out of 5 stars,77,https://www.amazon.com/s?k=ultrawide+monitor&ref=nb_sb_noss_1
"GIGABYTE G34WQC 34"" 144Hz Ultra-Wide Curved Gaming Monitor, 3440 x 1440 VA 1500R Display, 1ms (MPRT) Response Time, 90% DCI-P3, VESA Display HDR400, FreeSync Premium, G-Sync Compatible Ready",$399.99,4.6 out of 5 stars,"2,492",https://www.amazon.com/s?k=ultrawide+monitor&ref=nb_sb_noss_1
"AOC CU34G2X 34"" Curved Frameless Immersive Gaming Monitor, UltraWide QHD 3440x1440, VA Panel, 1ms 144Hz Adaptive-Sync, Height Adjustable, 3-Yr Zero Dead Pixels",$449.99,4.7 out of 5 stars,"9,193",https://www.amazon.com/s?k=ultrawide+monitor&ref=nb_sb_noss_1
"Z-Edge U29IA 29"" Ultrawide Gaming Monitor 2560x1080 WFHD 21:9 Aspect Ratio 100Hz Refresh Rate 4ms MPRT IPS Monitor, HDMIx2+DP with Wireless Keyword and Mouse (Black)",$189.99,4.2 out of 5 stars,39,https://www.amazon.com/s?k=ultrawide+monitor&ref=nb_sb_noss_1
"Philips 343E2E 34"" Frameless IPS Monitor, UltraWide Full HD 2560x1080, 123% sRGB/109% NTSC, 1ms 75Hz FreeSync, USB-C (w/PD up to 65W), Height Adjustable, VESA, 4Yr Advance Replacement",$297.60,4.6 out of 5 stars,"8,559",https://www.amazon.com/s?k=ultrawide+monitor&ref=nb_sb_noss_1
"MOUNTUP Dual Monitor Stand - Free Standing & Height Adjustable Monitor Desk Mount, Steady VESA Mount Computer Monitor Stand for 2 Screens up to 27 inch, MU1002",$37.99,4.5 out of 5 stars,66,https://www.amazon.com/s?k=ultrawide+monitor&ref=nb_sb_noss_1
"Acer Nitro XZ342CK Pbmiiphx 34"" 1500R Curved WQHD (3440 x 1440) VA Gaming Monitor with AMD Radeon Freesync, VESA Certified DisplayHDR400, 95% sRGB, 144Hz, 1ms VRB (Display Port & 2 x HDMI 2.0 Ports)",$427.99,4.5 out of 5 stars,948,https://www.amazon.com/s?k=ultrawide+monitor&ref=nb_sb_noss_1
"Sceptre Curved 30"" 21:9 Gaming LED Monitor 2560x1080p UltraWide Ultra Slim HDMI DisplayPort Up to 85Hz MPRT 1ms FPS-RTS Build-in Speakers, Machine Black (C305W-2560UN)",$235.91,4.6 out of 5 stars,"2,338",https://www.amazon.com/s?k=ultrawide+monitor&ref=nb_sb_noss_1
"Lenovo G34w-10 34-Inch WQHD Curved Gaming Monitor, 21:9 Ultra-Wide, 3 Side NearEdgeless, 3440 x 1440, AMD FreeSync, 144Hz, HDMI, DP, Adjustable Stand, VESA, 66A1GCCBUS, Black",$459.99,4.3 out of 5 stars,89,https://www.amazon.com/s?k=ultrawide+monitor&ref=nb_sb_noss_1
"TVON Single VESA Monitor Stand, Free-Standing Computer Desk Riser for 13-32 inch Screen with Height Adjustable,Swivel, Tilt,Rotation Mount, Hold up to 22 lbs, VESA 75x75 100x100mm, Black",$29.99,3.6 out of 5 stars,5,https://www.amazon.com/s?k=ultrawide+monitor&ref=nb_sb_noss_1
"Z-Edge U28I4K 28-inch Gaming Monitor Ultra HD 4K 3840x2160 IPS LED Monitor, 300 cd/m², 4 ms Response Time, HDMI+DP+Type-C+USB-B+USB2, Built-in Speakers, FreeSync Technology",$269.99,3.9 out of 5 stars,15,https://www.amazon.com/s?k=ultrawide+monitor&ref=nb_sb_noss_1
"Deco Gear 35"" Curved Ultrawide LED Gaming Monitor 21:9 Aspect Ratio, Crisp 2560 x 1080 Resolution, 16.7 Million Colors, 75 HZ Refresh Rate, 2000:1 Contrast Ratio, (HDMI, DVI, and DP Connections)",$339.95,4.7 out of 5 stars,333,https://www.amazon.com/s?k=ultrawide+monitor&ref=nb_sb_noss_1
"Sceptre Curved 30"" 21:9 Gaming LED Monitor 2560x1080p UltraWide Ultra Slim HDMI DisplayPort Up to 85Hz MPRT 1ms FPS-RTS Build-in Speakers, Machine Black (C305W-2560UN)",$235.91,4.6 out of 5 stars,"2,338",https://www.amazon.com/s?k=ultrawide+monitor&ref=nb_sb_noss_1
"LG 29WN600-W 29"" 21:9 UltraWide WFHD IPS HDR10 Monitor with FreeSync, Silver",$226.99,4.7 out of 5 stars,"1,814",https://www.amazon.com/s?k=ultrawide+monitor&ref=nb_sb_noss_1
"LG 29WP60G-B 29 Inch 21:9 UltraWide Full HD (2560 x 1080) IPS Monitor with sRGB 99% Color Gamut and HDR 10, USB Type-C Connectivity and 3-Side Virtually Borderless Display, Black",$226.99,4.6 out of 5 stars,"1,034",https://www.amazon.com/s?k=ultrawide+monitor&ref=nb_sb_noss_1
"Sceptre 35 Inch Curved UltraWide 21: 9 LED Creative Monitor QHD 3440x1440 Frameless AMD Freesync HDMI DisplayPort Up to 100Hz, Machine Black 2020 (C355W-3440UN)",$399.97,4.6 out of 5 stars,"2,251",https://www.amazon.com/s?k=ultrawide+monitor&ref=nb_sb_noss_1
LG 34GP83A-B 34 Inch 21: 9 UltraGear Curved QHD (3440 x 1440) 1ms Nano IPS Gaming Monitor with 144Hz and G-SYNC Compatibility - Black (34GP83A-B),$799.99,4.7 out of 5 stars,604,https://www.amazon.com/s?k=ultrawide+monitor&ref=nb_sb_noss_1
LG 25UM58-P 25'' UltraWide 21:9 IPS Full HD Monitor with sRGB 99% and On-Screen Control with Screen Split,$178.99,4.5 out of 5 stars,"3,812",https://www.amazon.com/s?k=ultrawide+monitor&ref=nb_sb_noss_1
"MOUNTUP Dual Monitor Stand - Free Standing & Height Adjustable Monitor Desk Mount, Steady VESA Mount Computer Monitor Stand for 2 Screens up to 27 inch, MU1002",$37.99,4.5 out of 5 stars,66,https://www.amazon.com/s?k=ultrawide+monitor&ref=nb_sb_noss_1
"GIGABYTE G34WQC 34"" 144Hz Ultra-Wide Curved Gaming Monitor, 3440 x 1440 VA 1500R Display, 1ms (MPRT) Response Time, 90% DCI-P3, VESA Display HDR400, FreeSync Premium, G-Sync Compatible Ready",$399.99,4.6 out of 5 stars,"2,492",https://www.amazon.com/s?k=ultrawide+monitor&ref=nb_sb_noss_1
"AOC CU34G2X 34"" Curved Frameless Immersive Gaming Monitor, UltraWide QHD 3440x1440, VA Panel, 1ms 144Hz Adaptive-Sync, Height Adjustable, 3-Yr Zero Dead Pixels",$449.99,4.7 out of 5 stars,"9,193",https://www.amazon.com/s?k=ultrawide+monitor&ref=nb_sb_noss_1
"Z-Edge U29IA 29"" Ultrawide Gaming Monitor 2560x1080 WFHD 21:9 Aspect Ratio 100Hz Refresh Rate 4ms MPRT IPS Monitor, HDMIx2+DP with Wireless Keyword and Mouse (Black)",$189.99,4.2 out of 5 stars,39,https://www.amazon.com/s?k=ultrawide+monitor&ref=nb_sb_noss_1
"Philips 343E2E 34"" Frameless IPS Monitor, UltraWide Full HD 2560x1080, 123% sRGB/109% NTSC, 1ms 75Hz FreeSync, USB-C (w/PD up to 65W), Height Adjustable, VESA, 4Yr Advance Replacement",$297.60,4.6 out of 5 stars,"8,559",https://www.amazon.com/s?k=ultrawide+monitor&ref=nb_sb_noss_1
"TVON Single VESA Monitor Stand, Free-Standing Computer Desk Riser for 13-32 inch Screen with Height Adjustable,Swivel, Tilt,Rotation Mount, Hold up to 22 lbs, VESA 75x75 100x100mm, Black",$29.99,3.6 out of 5 stars,5,https://www.amazon.com/s?k=ultrawide+monitor&ref=nb_sb_noss_1
"Acer Nitro XZ342CK Pbmiiphx 34"" 1500R Curved WQHD (3440 x 1440) VA Gaming Monitor with AMD Radeon Freesync, VESA Certified DisplayHDR400, 95% sRGB, 144Hz, 1ms VRB (Display Port & 2 x HDMI 2.0 Ports)",$427.99,4.5 out of 5 stars,948,https://www.amazon.com/s?k=ultrawide+monitor&ref=nb_sb_noss_1
"Sceptre Curved 30"" 21:9 Gaming LED Monitor 2560x1080p UltraWide Ultra Slim HDMI DisplayPort Up to 85Hz MPRT 1ms FPS-RTS Build-in Speakers, Machine Black (C305W-2560UN)",$235.91,4.6 out of 5 stars,"2,338",https://www.amazon.com/s?k=ultrawide+monitor&ref=nb_sb_noss_1
"Lenovo G34w-10 34-Inch WQHD Curved Gaming Monitor, 21:9 Ultra-Wide, 3 Side NearEdgeless, 3440 x 1440, AMD FreeSync, 144Hz, HDMI, DP, Adjustable Stand, VESA, 66A1GCCBUS, Black",$459.99,4.3 out of 5 stars,89,https://www.amazon.com/s?k=ultrawide+monitor&ref=nb_sb_noss_1
"Z-Edge U28I4K 28-inch Gaming Monitor Ultra HD 4K 3840x2160 IPS LED Monitor, 300 cd/m², 4 ms Response Time, HDMI+DP+Type-C+USB-B+USB2, Built-in Speakers, FreeSync Technology",$269.99,3.9 out of 5 stars,15,https://www.amazon.com/s?k=ultrawide+monitor&ref=nb_sb_noss_1
"UG27Q 27-inch IPS Gaming Monitor 100Hz - QHD 2K 2560 x 1440 Computer Monitor with HDR and Eye-Care Technology, 178° Wide View Angle",$239.99,5.0 out of 5 stars,3,https://www.amazon.com/s?k=ultrawide+monitor&ref=nb_sb_noss_1
"Deco Gear 35"" Curved Ultrawide LED Gaming Monitor 21:9 Aspect Ratio, Crisp 2560 x 1080 Resolution, 16.7 Million Colors, 75 HZ Refresh Rate, 2000:1 Contrast Ratio, (HDMI, DVI, and DP Connections)",$339.95,4.7 out of 5 stars,333,https://www.amazon.com/s?k=ultrawide+monitor&ref=nb_sb_noss_1
"Sceptre Curved 30"" 21:9 Gaming LED Monitor 2560x1080p UltraWide Ultra Slim HDMI DisplayPort Up to 85Hz MPRT 1ms FPS-RTS Build-in Speakers, Machine Black (C305W-2560UN)",$235.91,4.6 out of 5 stars,"2,338",https://www.amazon.com/s?k=ultrawide+monitor&ref=nb_sb_noss_1
"LG 29WN600-W 29"" 21:9 UltraWide WFHD IPS HDR10 Monitor with FreeSync, Silver",$226.99,4.7 out of 5 stars,"1,814",https://www.amazon.com/s?k=ultrawide+monitor&ref=nb_sb_noss_1
"LG 29WP60G-B 29 Inch 21:9 UltraWide Full HD (2560 x 1080) IPS Monitor with sRGB 99% Color Gamut and HDR 10, USB Type-C Connectivity and 3-Side Virtually Borderless Display, Black",$226.99,4.6 out of 5 stars,"1,034",https://www.amazon.com/s?k=ultrawide+monitor&ref=nb_sb_noss_1
"Sceptre 35 Inch Curved UltraWide 21: 9 LED Creative Monitor QHD 3440x1440 Frameless AMD Freesync HDMI DisplayPort Up to 100Hz, Machine Black 2020 (C355W-3440UN)",$399.97,4.6 out of 5 stars,"2,251",https://www.amazon.com/s?k=ultrawide+monitor&ref=nb_sb_noss_1
LG 34GP83A-B 34 Inch 21: 9 UltraGear Curved QHD (3440 x 1440) 1ms Nano IPS Gaming Monitor with 144Hz and G-SYNC Compatibility - Black (34GP83A-B),$799.99,4.7 out of 5 stars,604,https://www.amazon.com/s?k=ultrawide+monitor&ref=nb_sb_noss_1
LG 25UM58-P 25'' UltraWide 21:9 IPS Full HD Monitor with sRGB 99% and On-Screen Control with Screen Split,$178.99,4.5 out of 5 stars,"3,812",https://www.amazon.com/s?k=ultrawide+monitor&ref=nb_sb_noss_1
"Z-Edge U24I 24"" Full HD 1920x1080 75Hz LED IPS Monitor 178° Wide View Angle HDMI VGA with Eye Care Technology",$129.99,4.5 out of 5 stars,77,https://www.amazon.com/s?k=ultrawide+monitor&ref=nb_sb_noss_1
"GIGABYTE G34WQC 34"" 144Hz Ultra-Wide Curved Gaming Monitor, 3440 x 1440 VA 1500R Display, 1ms (MPRT) Response Time, 90% DCI-P3, VESA Display HDR400, FreeSync Premium, G-Sync Compatible Ready",$399.99,4.6 out of 5 stars,"2,492",https://www.amazon.com/s?k=ultrawide+monitor&ref=nb_sb_noss_1
"AOC CU34G2X 34"" Curved Frameless Immersive Gaming Monitor, UltraWide QHD 3440x1440, VA Panel, 1ms 144Hz Adaptive-Sync, Height Adjustable, 3-Yr Zero Dead Pixels",$449.99,4.7 out of 5 stars,"9,193",https://www.amazon.com/s?k=ultrawide+monitor&ref=nb_sb_noss_1
"Z-Edge U29IA 29"" Ultrawide Gaming Monitor 2560x1080 WFHD 21:9 Aspect Ratio 100Hz Refresh Rate 4ms MPRT IPS Monitor, HDMIx2+DP with Wireless Keyword and Mouse (Black)",$189.99,4.2 out of 5 stars,39,https://www.amazon.com/s?k=ultrawide+monitor&ref=nb_sb_noss_1
"Philips 343E2E 34"" Frameless IPS Monitor, UltraWide Full HD 2560x1080, 123% sRGB/109% NTSC, 1ms 75Hz FreeSync, USB-C (w/PD up to 65W), Height Adjustable, VESA, 4Yr Advance Replacement",$297.60,4.6 out of 5 stars,"8,559",https://www.amazon.com/s?k=ultrawide+monitor&ref=nb_sb_noss_1
"MOUNTUP Dual Monitor Stand - Free Standing & Height Adjustable Monitor Desk Mount, Steady VESA Mount Computer Monitor Stand for 2 Screens up to 27 inch, MU1002",$37.99,4.5 out of 5 stars,66,https://www.amazon.com/s?k=ultrawide+monitor&ref=nb_sb_noss_1
"Acer Nitro XZ342CK Pbmiiphx 34"" 1500R Curved WQHD (3440 x 1440) VA Gaming Monitor with AMD Radeon Freesync, VESA Certified DisplayHDR400, 95% sRGB, 144Hz, 1ms VRB (Display Port & 2 x HDMI 2.0 Ports)",$427.99,4.5 out of 5 stars,948,https://www.amazon.com/s?k=ultrawide+monitor&ref=nb_sb_noss_1
"Sceptre Curved 30"" 21:9 Gaming LED Monitor 2560x1080p UltraWide Ultra Slim HDMI DisplayPort Up to 85Hz MPRT 1ms FPS-RTS Build-in Speakers, Machine Black (C305W-2560UN)",$235.91,4.6 out of 5 stars,"2,338",https://www.amazon.com/s?k=ultrawide+monitor&ref=nb_sb_noss_1
"Lenovo G34w-10 34-Inch WQHD Curved Gaming Monitor, 21:9 Ultra-Wide, 3 Side NearEdgeless, 3440 x 1440, AMD FreeSync, 144Hz, HDMI, DP, Adjustable Stand, VESA, 66A1GCCBUS, Black",$459.99,4.3 out of 5 stars,89,https://www.amazon.com/s?k=ultrawide+monitor&ref=nb_sb_noss_1
"TVON Single VESA Monitor Stand, Free-Standing Computer Desk Riser for 13-32 inch Screen with Height Adjustable,Swivel, Tilt,Rotation Mount, Hold up to 22 lbs, VESA 75x75 100x100mm, Black",$29.99,3.6 out of 5 stars,5,https://www.amazon.com/s?k=ultrawide+monitor&ref=nb_sb_noss_1
"Z-Edge U28I4K 28-inch Gaming Monitor Ultra HD 4K 3840x2160 IPS LED Monitor, 300 cd/m², 4 ms Response Time, HDMI+DP+Type-C+USB-B+USB2, Built-in Speakers, FreeSync Technology",$269.99,3.9 out of 5 stars,15,https://www.amazon.com/s?k=ultrawide+monitor&ref=nb_sb_noss_1
"Deco Gear 35"" Curved Ultrawide LED Gaming Monitor 21:9 Aspect Ratio, Crisp 2560 x 1080 Resolution, 16.7 Million Colors, 75 HZ Refresh Rate, 2000:1 Contrast Ratio, (HDMI, DVI, and DP Connections)",$339.95,4.7 out of 5 stars,333,https://www.amazon.com/s?k=ultrawide+monitor&ref=nb_sb_noss_1
"Sceptre Curved 30"" 21:9 Gaming LED Monitor 2560x1080p UltraWide Ultra Slim HDMI DisplayPort Up to 85Hz MPRT 1ms FPS-RTS Build-in Speakers, Machine Black (C305W-2560UN)",$235.91,4.6 out of 5 stars,"2,338",https://www.amazon.com/s?k=ultrawide+monitor&ref=nb_sb_noss_1
"LG 29WN600-W 29"" 21:9 UltraWide WFHD IPS HDR10 Monitor with FreeSync, Silver",$226.99,4.7 out of 5 stars,"1,814",https://www.amazon.com/s?k=ultrawide+monitor&ref=nb_sb_noss_1
"LG 29WP60G-B 29 Inch 21:9 UltraWide Full HD (2560 x 1080) IPS Monitor with sRGB 99% Color Gamut and HDR 10, USB Type-C Connectivity and 3-Side Virtually Borderless Display, Black",$226.99,4.6 out of 5 stars,"1,034",https://www.amazon.com/s?k=ultrawide+monitor&ref=nb_sb_noss_1
"Sceptre 35 Inch Curved UltraWide 21: 9 LED Creative Monitor QHD 3440x1440 Frameless AMD Freesync HDMI DisplayPort Up to 100Hz, Machine Black 2020 (C355W-3440UN)",$399.97,4.6 out of 5 stars,"2,251",https://www.amazon.com/s?k=ultrawide+monitor&ref=nb_sb_noss_1
LG 34GP83A-B 34 Inch 21: 9 UltraGear Curved QHD (3440 x 1440) 1ms Nano IPS Gaming Monitor with 144Hz and G-SYNC Compatibility - Black (34GP83A-B),$799.99,4.7 out of 5 stars,604,https://www.amazon.com/s?k=ultrawide+monitor&ref=nb_sb_noss_1
LG 25UM58-P 25'' UltraWide 21:9 IPS Full HD Monitor with sRGB 99% and On-Screen Control with Screen Split,$178.99,4.5 out of 5 stars,"3,812",https://www.amazon.com/s?k=ultrawide+monitor&ref=nb_sb_noss_1
"MOUNTUP Dual Monitor Stand - Free Standing & Height Adjustable Monitor Desk Mount, Steady VESA Mount Computer Monitor Stand for 2 Screens up to 27 inch, MU1002",$37.99,4.5 out of 5 stars,66,https://www.amazon.com/s?k=ultrawide+monitor&ref=nb_sb_noss_1
"GIGABYTE G34WQC 34"" 144Hz Ultra-Wide Curved Gaming Monitor, 3440 x 1440 VA 1500R Display, 1ms (MPRT) Response Time, 90% DCI-P3, VESA Display HDR400, FreeSync Premium, G-Sync Compatible Ready",$399.99,4.6 out of 5 stars,"2,492",https://www.amazon.com/s?k=ultrawide+monitor&ref=nb_sb_noss_1
"AOC CU34G2X 34"" Curved Frameless Immersive Gaming Monitor, UltraWide QHD 3440x1440, VA Panel, 1ms 144Hz Adaptive-Sync, Height Adjustable, 3-Yr Zero Dead Pixels",$449.99,4.7 out of 5 stars,"9,193",https://www.amazon.com/s?k=ultrawide+monitor&ref=nb_sb_noss_1
"Z-Edge U29IA 29"" Ultrawide Gaming Monitor 2560x1080 WFHD 21:9 Aspect Ratio 100Hz Refresh Rate 4ms MPRT IPS Monitor, HDMIx2+DP with Wireless Keyword and Mouse (Black)",$189.99,4.2 out of 5 stars,39,https://www.amazon.com/s?k=ultrawide+monitor&ref=nb_sb_noss_1
"Philips 343E2E 34"" Frameless IPS Monitor, UltraWide Full HD 2560x1080, 123% sRGB/109% NTSC, 1ms 75Hz FreeSync, USB-C (w/PD up to 65W), Height Adjustable, VESA, 4Yr Advance Replacement",$297.60,4.6 out of 5 stars,"8,559",https://www.amazon.com/s?k=ultrawide+monitor&ref=nb_sb_noss_1
"TVON Single VESA Monitor Stand, Free-Standing Computer Desk Riser for 13-32 inch Screen with Height Adjustable,Swivel, Tilt,Rotation Mount, Hold up to 22 lbs, VESA 75x75 100x100mm, Black",$29.99,3.6 out of 5 stars,5,https://www.amazon.com/s?k=ultrawide+monitor&ref=nb_sb_noss_1
"Acer Nitro XZ342CK Pbmiiphx 34"" 1500R Curved WQHD (3440 x 1440) VA Gaming Monitor with AMD Radeon Freesync, VESA Certified DisplayHDR400, 95% sRGB, 144Hz, 1ms VRB (Display Port & 2 x HDMI 2.0 Ports)",$427.99,4.5 out of 5 stars,948,https://www.amazon.com/s?k=ultrawide+monitor&ref=nb_sb_noss_1
"Sceptre Curved 30"" 21:9 Gaming LED Monitor 2560x1080p UltraWide Ultra Slim HDMI DisplayPort Up to 85Hz MPRT 1ms FPS-RTS Build-in Speakers, Machine Black (C305W-2560UN)",$235.91,4.6 out of 5 stars,"2,338",https://www.amazon.com/s?k=ultrawide+monitor&ref=nb_sb_noss_1
"Lenovo G34w-10 34-Inch WQHD Curved Gaming Monitor, 21:9 Ultra-Wide, 3 Side NearEdgeless, 3440 x 1440, AMD FreeSync, 144Hz, HDMI, DP, Adjustable Stand, VESA, 66A1GCCBUS, Black",$459.99,4.3 out of 5 stars,89,https://www.amazon.com/s?k=ultrawide+monitor&ref=nb_sb_noss_1
"Z-Edge U28I4K 28-inch Gaming Monitor Ultra HD 4K 3840x2160 IPS LED Monitor, 300 cd/m², 4 ms Response Time, HDMI+DP+Type-C+USB-B+USB2, Built-in Speakers, FreeSync Technology",$269.99,3.9 out of 5 stars,15,https://www.amazon.com/s?k=ultrawide+monitor&ref=nb_sb_noss_1
"UG27Q 27-inch IPS Gaming Monitor 100Hz - QHD 2K 2560 x 1440 Computer Monitor with HDR and Eye-Care Technology, 178° Wide View Angle",$239.99,5.0 out of 5 stars,3,https://www.amazon.com/s?k=ultrawide+monitor&ref=nb_sb_noss_1
"Deco Gear 35"" Curved Ultrawide LED Gaming Monitor 21:9 Aspect Ratio, Crisp 2560 x 1080 Resolution, 16.7 Million Colors, 75 HZ Refresh Rate, 2000:1 Contrast Ratio, (HDMI, DVI, and DP Connections)",$339.95,4.7 out of 5 stars,333,https://www.amazon.com/s?k=ultrawide+monitor&ref=nb_sb_noss_1
"Sceptre Curved 30"" 21:9 Gaming LED Monitor 2560x1080p UltraWide Ultra Slim HDMI DisplayPort Up to 85Hz MPRT 1ms FPS-RTS Build-in Speakers, Machine Black (C305W-2560UN)",$235.91,4.6 out of 5 stars,"2,338",https://www.amazon.com/s?k=ultrawide+monitor&ref=nb_sb_noss_1
"LG 29WN600-W 29"" 21:9 UltraWide WFHD IPS HDR10 Monitor with FreeSync, Silver",$226.99,4.7 out of 5 stars,"1,814",https://www.amazon.com/s?k=ultrawide+monitor&ref=nb_sb_noss_1
"LG 29WP60G-B 29 Inch 21:9 UltraWide Full HD (2560 x 1080) IPS Monitor with sRGB 99% Color Gamut and HDR 10, USB Type-C Connectivity and 3-Side Virtually Borderless Display, Black",$226.99,4.6 out of 5 stars,"1,034",https://www.amazon.com/s?k=ultrawide+monitor&ref=nb_sb_noss_1
"Sceptre 35 Inch Curved UltraWide 21: 9 LED Creative Monitor QHD 3440x1440 Frameless AMD Freesync HDMI DisplayPort Up to 100Hz, Machine Black 2020 (C355W-3440UN)",$399.97,4.6 out of 5 stars,"2,251",https://www.amazon.com/s?k=ultrawide+monitor&ref=nb_sb_noss_1
LG 34GP83A-B 34 Inch 21: 9 UltraGear Curved QHD (3440 x 1440) 1ms Nano IPS Gaming Monitor with 144Hz and G-SYNC Compatibility - Black (34GP83A-B),$799.99,4.7 out of 5 stars,604,https://www.amazon.com/s?k=ultrawide+monitor&ref=nb_sb_noss_1
LG 25UM58-P 25'' UltraWide 21:9 IPS Full HD Monitor with sRGB 99% and On-Screen Control with Screen Split,$178.99,4.5 out of 5 stars,"3,812",https://www.amazon.com/s?k=ultrawide+monitor&ref=nb_sb_noss_1
"MOUNTUP Dual Monitor Stand - Free Standing & Height Adjustable Monitor Desk Mount, Steady VESA Mount Computer Monitor Stand for 2 Screens up to 27 inch, MU1002",$37.99,4.5 out of 5 stars,66,https://www.amazon.com/s?k=ultrawide+monitor&ref=nb_sb_noss_1
"GIGABYTE G34WQC 34"" 144Hz Ultra-Wide Curved Gaming Monitor, 3440 x 1440 VA 1500R Display, 1ms (MPRT) Response Time, 90% DCI-P3, VESA Display HDR400, FreeSync Premium, G-Sync Compatible Ready",$399.99,4.6 out of 5 stars,"2,492",https://www.amazon.com/s?k=ultrawide+monitor&ref=nb_sb_noss_1
"AOC CU34G2X 34"" Curved Frameless Immersive Gaming Monitor, UltraWide QHD 3440x1440, VA Panel, 1ms 144Hz Adaptive-Sync, Height Adjustable, 3-Yr Zero Dead Pixels",$449.99,4.7 out of 5 stars,"9,193",https://www.amazon.com/s?k=ultrawide+monitor&ref=nb_sb_noss_1
"Z-Edge U29IA 29"" Ultrawide Gaming Monitor 2560x1080 WFHD 21:9 Aspect Ratio 100Hz Refresh Rate 4ms MPRT IPS Monitor, HDMIx2+DP with Wireless Keyword and Mouse (Black)",$189.99,4.2 out of 5 stars,39,https://www.amazon.com/s?k=ultrawide+monitor&ref=nb_sb_noss_1
"Philips 343E2E 34"" Frameless IPS Monitor, UltraWide Full HD 2560x1080, 123% sRGB/109% NTSC, 1ms 75Hz FreeSync, USB-C (w/PD up to 65W), Height Adjustable, VESA, 4Yr Advance Replacement",$297.60,4.6 out of 5 stars,"8,559",https://www.amazon.com/s?k=ultrawide+monitor&ref=nb_sb_noss_1
"TVON Single VESA Monitor Stand, Free-Standing Computer Desk Riser for 13-32 inch Screen with Height Adjustable,Swivel, Tilt,Rotation Mount, Hold up to 22 lbs, VESA 75x75 100x100mm, Black",$29.99,3.6 out of 5 stars,5,https://www.amazon.com/s?k=ultrawide+monitor&ref=nb_sb_noss_1
"Acer Nitro XZ342CK Pbmiiphx 34"" 1500R Curved WQHD (3440 x 1440) VA Gaming Monitor with AMD Radeon Freesync, VESA Certified DisplayHDR400, 95% sRGB, 144Hz, 1ms VRB (Display Port & 2 x HDMI 2.0 Ports)",$427.99,4.5 out of 5 stars,948,https://www.amazon.com/s?k=ultrawide+monitor&ref=nb_sb_noss_1
"Sceptre Curved 30"" 21:9 Gaming LED Monitor 2560x1080p UltraWide Ultra Slim HDMI DisplayPort Up to 85Hz MPRT 1ms FPS-RTS Build-in Speakers, Machine Black (C305W-2560UN)",$235.91,4.6 out of 5 stars,"2,338",https://www.amazon.com/s?k=ultrawide+monitor&ref=nb_sb_noss_1
"Lenovo G34w-10 34-Inch WQHD Curved Gaming Monitor, 21:9 Ultra-Wide, 3 Side NearEdgeless, 3440 x 1440, AMD FreeSync, 144Hz, HDMI, DP, Adjustable Stand, VESA, 66A1GCCBUS, Black",$459.99,4.3 out of 5 stars,89,https://www.amazon.com/s?k=ultrawide+monitor&ref=nb_sb_noss_1
"Z-Edge U28I4K 28-inch Gaming Monitor Ultra HD 4K 3840x2160 IPS LED Monitor, 300 cd/m², 4 ms Response Time, HDMI+DP+Type-C+USB-B+USB2, Built-in Speakers, FreeSync Technology",$269.99,3.9 out of 5 stars,15,https://www.amazon.com/s?k=ultrawide+monitor&ref=nb_sb_noss_1
"UG27Q 27-inch IPS Gaming Monitor 100Hz - QHD 2K 2560 x 1440 Computer Monitor with HDR and Eye-Care Technology, 178° Wide View Angle",$239.99,5.0 out of 5 stars,3,https://www.amazon.com/s?k=ultrawide+monitor&ref=nb_sb_noss_1
"Deco Gear 35"" Curved Ultrawide LED Gaming Monitor 21:9 Aspect Ratio, Crisp 2560 x 1080 Resolution, 16.7 Million Colors, 75 HZ Refresh Rate, 2000:1 Contrast Ratio, (HDMI, DVI, and DP Connections)",$339.95,4.7 out of 5 stars,333,https://www.amazon.com/s?k=ultrawide+monitor&ref=nb_sb_noss_1
"Sceptre Curved 30"" 21:9 Gaming LED Monitor 2560x1080p UltraWide Ultra Slim HDMI DisplayPort Up to 85Hz MPRT 1ms FPS-RTS Build-in Speakers, Machine Black (C305W-2560UN)",$235.91,4.6 out of 5 stars,"2,338",https://www.amazon.com/s?k=ultrawide+monitor&ref=nb_sb_noss_1
"LG 29WN600-W 29"" 21:9 UltraWide WFHD IPS HDR10 Monitor with FreeSync, Silver",$226.99,4.7 out of 5 stars,"1,814",https://www.amazon.com/s?k=ultrawide+monitor&ref=nb_sb_noss_1
"LG 29WP60G-B 29 Inch 21:9 UltraWide Full HD (2560 x 1080) IPS Monitor with sRGB 99% Color Gamut and HDR 10, USB Type-C Connectivity and 3-Side Virtually Borderless Display, Black",$226.99,4.6 out of 5 stars,"1,034",https://www.amazon.com/s?k=ultrawide+monitor&ref=nb_sb_noss_1
"Sceptre 35 Inch Curved UltraWide 21: 9 LED Creative Monitor QHD 3440x1440 Frameless AMD Freesync HDMI DisplayPort Up to 100Hz, Machine Black 2020 (C355W-3440UN)",$399.97,4.6 out of 5 stars,"2,251",https://www.amazon.com/s?k=ultrawide+monitor&ref=nb_sb_noss_1
LG 34GP83A-B 34 Inch 21: 9 UltraGear Curved QHD (3440 x 1440) 1ms Nano IPS Gaming Monitor with 144Hz and G-SYNC Compatibility - Black (34GP83A-B),$799.99,4.7 out of 5 stars,604,https://www.amazon.com/s?k=ultrawide+monitor&ref=nb_sb_noss_1
LG 25UM58-P 25'' UltraWide 21:9 IPS Full HD Monitor with sRGB 99% and On-Screen Control with Screen Split,$178.99,4.5 out of 5 stars,"3,812",https://www.amazon.com/s?k=ultrawide+monitor&ref=nb_sb_noss_1
"MOUNTUP Dual Monitor Stand - Free Standing & Height Adjustable Monitor Desk Mount, Steady VESA Mount Computer Monitor Stand for 2 Screens up to 27 inch, MU1002",$37.99,4.5 out of 5 stars,66,https://www.amazon.com/s?k=ultrawide+monitor&ref=nb_sb_noss_1
"GIGABYTE G34WQC 34"" 144Hz Ultra-Wide Curved Gaming Monitor, 3440 x 1440 VA 1500R Display, 1ms (MPRT) Response Time, 90% DCI-P3, VESA Display HDR400, FreeSync Premium, G-Sync Compatible Ready",$399.99,4.6 out of 5 stars,"2,492",https://www.amazon.com/s?k=ultrawide+monitor&ref=nb_sb_noss_1
"AOC CU34G2X 34"" Curved Frameless Immersive Gaming Monitor, UltraWide QHD 3440x1440, VA Panel, 1ms 144Hz Adaptive-Sync, Height Adjustable, 3-Yr Zero Dead Pixels",$449.99,4.7 out of 5 stars,"9,193",https://www.amazon.com/s?k=ultrawide+monitor&ref=nb_sb_noss_1
"Z-Edge U29IA 29"" Ultrawide Gaming Monitor 2560x1080 WFHD 21:9 Aspect Ratio 100Hz Refresh Rate 4ms MPRT IPS Monitor, HDMIx2+DP with Wireless Keyword and Mouse (Black)",$189.99,4.2 out of 5 stars,39,https://www.amazon.com/s?k=ultrawide+monitor&ref=nb_sb_noss_1
"Philips 343E2E 34"" Frameless IPS Monitor, UltraWide Full HD 2560x1080, 123% sRGB/109% NTSC, 1ms 75Hz FreeSync, USB-C (w/PD up to 65W), Height Adjustable, VESA, 4Yr Advance Replacement",$297.60,4.6 out of 5 stars,"8,559",https://www.amazon.com/s?k=ultrawide+monitor&ref=nb_sb_noss_1
"TVON Single VESA Monitor Stand, Free-Standing Computer Desk Riser for 13-32 inch Screen with Height Adjustable,Swivel, Tilt,Rotation Mount, Hold up to 22 lbs, VESA 75x75 100x100mm, Black",$29.99,3.6 out of 5 stars,5,https://www.amazon.com/s?k=ultrawide+monitor&ref=nb_sb_noss_1
"Acer Nitro XZ342CK Pbmiiphx 34"" 1500R Curved WQHD (3440 x 1440) VA Gaming Monitor with AMD Radeon Freesync, VESA Certified DisplayHDR400, 95% sRGB, 144Hz, 1ms VRB (Display Port & 2 x HDMI 2.0 Ports)",$427.99,4.5 out of 5 stars,948,https://www.amazon.com/s?k=ultrawide+monitor&ref=nb_sb_noss_1
"Sceptre Curved 30"" 21:9 Gaming LED Monitor 2560x1080p UltraWide Ultra Slim HDMI DisplayPort Up to 85Hz MPRT 1ms FPS-RTS Build-in Speakers, Machine Black (C305W-2560UN)",$235.91,4.6 out of 5 stars,"2,338",https://www.amazon.com/s?k=ultrawide+monitor&ref=nb_sb_noss_1
"Lenovo G34w-10 34-Inch WQHD Curved Gaming Monitor, 21:9 Ultra-Wide, 3 Side NearEdgeless, 3440 x 1440, AMD FreeSync, 144Hz, HDMI, DP, Adjustable Stand, VESA, 66A1GCCBUS, Black",$459.99,4.3 out of 5 stars,89,https://www.amazon.com/s?k=ultrawide+monitor&ref=nb_sb_noss_1
"Z-Edge U28I4K 28-inch Gaming Monitor Ultra HD 4K 3840x2160 IPS LED Monitor, 300 cd/m², 4 ms Response Time, HDMI+DP+Type-C+USB-B+USB2, Built-in Speakers, FreeSync Technology",$269.99,3.9 out of 5 stars,15,https://www.amazon.com/s?k=ultrawide+monitor&ref=nb_sb_noss_1
"UG27Q 27-inch IPS Gaming Monitor 100Hz - QHD 2K 2560 x 1440 Computer Monitor with HDR and Eye-Care Technology, 178° Wide View Angle",$239.99,5.0 out of 5 stars,3,https://www.amazon.com/s?k=ultrawide+monitor&ref=nb_sb_noss_1
"Deco Gear 35"" Curved Ultrawide LED Gaming Monitor 21:9 Aspect Ratio, Crisp 2560 x 1080 Resolution, 16.7 Million Colors, 75 HZ Refresh Rate, 2000:1 Contrast Ratio, (HDMI, DVI, and DP Connections)",$339.95,4.7 out of 5 stars,333,https://www.amazon.com/s?k=ultrawide+monitor&ref=nb_sb_noss_1
"Sceptre Curved 30"" 21:9 Gaming LED Monitor 2560x1080p UltraWide Ultra Slim HDMI DisplayPort Up to 85Hz MPRT 1ms FPS-RTS Build-in Speakers, Machine Black (C305W-2560UN)",$235.91,4.6 out of 5 stars,"2,338",https://www.amazon.com/s?k=ultrawide+monitor&ref=nb_sb_noss_1
"LG 29WN600-W 29"" 21:9 UltraWide WFHD IPS HDR10 Monitor with FreeSync, Silver",$226.99,4.7 out of 5 stars,"1,814",https://www.amazon.com/s?k=ultrawide+monitor&ref=nb_sb_noss_1
"LG 29WP60G-B 29 Inch 21:9 UltraWide Full HD (2560 x 1080) IPS Monitor with sRGB 99% Color Gamut and HDR 10, USB Type-C Connectivity and 3-Side Virtually Borderless Display, Black",$226.99,4.6 out of 5 stars,"1,034",https://www.amazon.com/s?k=ultrawide+monitor&ref=nb_sb_noss_1
"Sceptre 35 Inch Curved UltraWide 21: 9 LED Creative Monitor QHD 3440x1440 Frameless AMD Freesync HDMI DisplayPort Up to 100Hz, Machine Black 2020 (C355W-3440UN)",$399.97,4.6 out of 5 stars,"2,251",https://www.amazon.com/s?k=ultrawide+monitor&ref=nb_sb_noss_1
LG 34GP83A-B 34 Inch 21: 9 UltraGear Curved QHD (3440 x 1440) 1ms Nano IPS Gaming Monitor with 144Hz and G-SYNC Compatibility - Black (34GP83A-B),$799.99,4.7 out of 5 stars,604,https://www.amazon.com/s?k=ultrawide+monitor&ref=nb_sb_noss_1
LG 25UM58-P 25'' UltraWide 21:9 IPS Full HD Monitor with sRGB 99% and On-Screen Control with Screen Split,$178.99,4.5 out of 5 stars,"3,812",https://www.amazon.com/s?k=ultrawide+monitor&ref=nb_sb_noss_1
"MOUNTUP Dual Monitor Stand - Free Standing & Height Adjustable Monitor Desk Mount, Steady VESA Mount Computer Monitor Stand for 2 Screens up to 27 inch, MU1002",$37.99,4.5 out of 5 stars,66,https://www.amazon.com/s?k=ultrawide+monitor&ref=nb_sb_noss_1
"GIGABYTE G34WQC 34"" 144Hz Ultra-Wide Curved Gaming Monitor, 3440 x 1440 VA 1500R Display, 1ms (MPRT) Response Time, 90% DCI-P3, VESA Display HDR400, FreeSync Premium, G-Sync Compatible Ready",$399.99,4.6 out of 5 stars,"2,492",https://www.amazon.com/s?k=ultrawide+monitor&ref=nb_sb_noss_1
"AOC CU34G2X 34"" Curved Frameless Immersive Gaming Monitor, UltraWide QHD 3440x1440, VA Panel, 1ms 144Hz Adaptive-Sync, Height Adjustable, 3-Yr Zero Dead Pixels",$449.99,4.7 out of 5 stars,"9,193",https://www.amazon.com/s?k=ultrawide+monitor&ref=nb_sb_noss_1
"Z-Edge U29IA 29"" Ultrawide Gaming Monitor 2560x1080 WFHD 21:9 Aspect Ratio 100Hz Refresh Rate 4ms MPRT IPS Monitor, HDMIx2+DP with Wireless Keyword and Mouse (Black)",$189.99,4.2 out of 5 stars,39,https://www.amazon.com/s?k=ultrawide+monitor&ref=nb_sb_noss_1
"Philips 343E2E 34"" Frameless IPS Monitor, UltraWide Full HD 2560x1080, 123% sRGB/109% NTSC, 1ms 75Hz FreeSync, USB-C (w/PD up to 65W), Height Adjustable, VESA, 4Yr Advance Replacement",$297.60,4.6 out of 5 stars,"8,559",https://www.amazon.com/s?k=ultrawide+monitor&ref=nb_sb_noss_1
"TVON Single VESA Monitor Stand, Free-Standing Computer Desk Riser for 13-32 inch Screen with Height Adjustable,Swivel, Tilt,Rotation Mount, Hold up to 22 lbs, VESA 75x75 100x100mm, Black",$29.99,3.6 out of 5 stars,5,https://www.amazon.com/s?k=ultrawide+monitor&ref=nb_sb_noss_1
"Acer Nitro XZ342CK Pbmiiphx 34"" 1500R Curved WQHD (3440 x 1440) VA Gaming Monitor with AMD Radeon Freesync, VESA Certified DisplayHDR400, 95% sRGB, 144Hz, 1ms VRB (Display Port & 2 x HDMI 2.0 Ports)",$427.99,4.5 out of 5 stars,948,https://www.amazon.com/s?k=ultrawide+monitor&ref=nb_sb_noss_1
"Sceptre Curved 30"" 21:9 Gaming LED Monitor 2560x1080p UltraWide Ultra Slim HDMI DisplayPort Up to 85Hz MPRT 1ms FPS-RTS Build-in Speakers, Machine Black (C305W-2560UN)",$235.91,4.6 out of 5 stars,"2,338",https://www.amazon.com/s?k=ultrawide+monitor&ref=nb_sb_noss_1
"Lenovo G34w-10 34-Inch WQHD Curved Gaming Monitor, 21:9 Ultra-Wide, 3 Side NearEdgeless, 3440 x 1440, AMD FreeSync, 144Hz, HDMI, DP, Adjustable Stand, VESA, 66A1GCCBUS, Black",$459.99,4.3 out of 5 stars,89,https://www.amazon.com/s?k=ultrawide+monitor&ref=nb_sb_noss_1
"Z-Edge U28I4K 28-inch Gaming Monitor Ultra HD 4K 3840x2160 IPS LED Monitor, 300 cd/m², 4 ms Response Time, HDMI+DP+Type-C+USB-B+USB2, Built-in Speakers, FreeSync Technology",$269.99,3.9 out of 5 stars,15,https://www.amazon.com/s?k=ultrawide+monitor&ref=nb_sb_noss_1
"UG27Q 27-inch IPS Gaming Monitor 100Hz - QHD 2K 2560 x 1440 Computer Monitor with HDR and Eye-Care Technology, 178° Wide View Angle",$239.99,5.0 out of 5 stars,3,https://www.amazon.com/s?k=ultrawide+monitor&ref=nb_sb_noss_1
"Deco Gear 35"" Curved Ultrawide LED Gaming Monitor 21:9 Aspect Ratio, Crisp 2560 x 1080 Resolution, 16.7 Million Colors, 75 HZ Refresh Rate, 2000:1 Contrast Ratio, (HDMI, DVI, and DP Connections)",$339.95,4.7 out of 5 stars,333,https://www.amazon.com/s?k=ultrawide+monitor&ref=nb_sb_noss_1
"Sceptre Curved 30"" 21:9 Gaming LED Monitor 2560x1080p UltraWide Ultra Slim HDMI DisplayPort Up to 85Hz MPRT 1ms FPS-RTS Build-in Speakers, Machine Black (C305W-2560UN)",$235.91,4.6 out of 5 stars,"2,338",https://www.amazon.com/s?k=ultrawide+monitor&ref=nb_sb_noss_1
"LG 29WN600-W 29"" 21:9 UltraWide WFHD IPS HDR10 Monitor with FreeSync, Silver",$226.99,4.7 out of 5 stars,"1,814",https://www.amazon.com/s?k=ultrawide+monitor&ref=nb_sb_noss_1
"LG 29WP60G-B 29 Inch 21:9 UltraWide Full HD (2560 x 1080) IPS Monitor with sRGB 99% Color Gamut and HDR 10, USB Type-C Connectivity and 3-Side Virtually Borderless Display, Black",$226.99,4.6 out of 5 stars,"1,034",https://www.amazon.com/s?k=ultrawide+monitor&ref=nb_sb_noss_1
"Sceptre 35 Inch Curved UltraWide 21: 9 LED Creative Monitor QHD 3440x1440 Frameless AMD Freesync HDMI DisplayPort Up to 100Hz, Machine Black 2020 (C355W-3440UN)",$399.97,4.6 out of 5 stars,"2,251",https://www.amazon.com/s?k=ultrawide+monitor&ref=nb_sb_noss_1
LG 34GP83A-B 34 Inch 21: 9 UltraGear Curved QHD (3440 x 1440) 1ms Nano IPS Gaming Monitor with 144Hz and G-SYNC Compatibility - Black (34GP83A-B),$799.99,4.7 out of 5 stars,604,https://www.amazon.com/s?k=ultrawide+monitor&ref=nb_sb_noss_1
LG 25UM58-P 25'' UltraWide 21:9 IPS Full HD Monitor with sRGB 99% and On-Screen Control with Screen Split,$178.99,4.5 out of 5 stars,"3,812",https://www.amazon.com/s?k=ultrawide+monitor&ref=nb_sb_noss_1
"Z-Edge U24I 24"" Full HD 1920x1080 75Hz LED IPS Monitor 178° Wide View Angle HDMI VGA with Eye Care Technology",$129.99,4.5 out of 5 stars,77,https://www.amazon.com/s?k=ultrawide+monitor&ref=nb_sb_noss_1
"GIGABYTE G34WQC 34"" 144Hz Ultra-Wide Curved Gaming Monitor, 3440 x 1440 VA 1500R Display, 1ms (MPRT) Response Time, 90% DCI-P3, VESA Display HDR400, FreeSync Premium, G-Sync Compatible Ready",$399.99,4.6 out of 5 stars,"2,492",https://www.amazon.com/s?k=ultrawide+monitor&ref=nb_sb_noss_1
"AOC CU34G2X 34"" Curved Frameless Immersive Gaming Monitor, UltraWide QHD 3440x1440, VA Panel, 1ms 144Hz Adaptive-Sync, Height Adjustable, 3-Yr Zero Dead Pixels",$449.99,4.7 out of 5 stars,"9,193",https://www.amazon.com/s?k=ultrawide+monitor&ref=nb_sb_noss_1
"Z-Edge U29IA 29"" Ultrawide Gaming Monitor 2560x1080 WFHD 21:9 Aspect Ratio 100Hz Refresh Rate 4ms MPRT IPS Monitor, HDMIx2+DP with Wireless Keyword and Mouse (Black)",$189.99,4.2 out of 5 stars,39,https://www.amazon.com/s?k=ultrawide+monitor&ref=nb_sb_noss_1
"Philips 343E2E 34"" Frameless IPS Monitor, UltraWide Full HD 2560x1080, 123% sRGB/109% NTSC, 1ms 75Hz FreeSync, USB-C (w/PD up to 65W), Height Adjustable, VESA, 4Yr Advance Replacement",$297.60,4.6 out of 5 stars,"8,559",https://www.amazon.com/s?k=ultrawide+monitor&ref=nb_sb_noss_1
"MOUNTUP Dual Monitor Stand - Free Standing & Height Adjustable Monitor Desk Mount, Steady VESA Mount Computer Monitor Stand for 2 Screens up to 27 inch, MU1002",$37.99,4.5 out of 5 stars,66,https://www.amazon.com/s?k=ultrawide+monitor&ref=nb_sb_noss_1
"Acer Nitro XZ342CK Pbmiiphx 34"" 1500R Curved WQHD (3440 x 1440) VA Gaming Monitor with AMD Radeon Freesync, VESA Certified DisplayHDR400, 95% sRGB, 144Hz, 1ms VRB (Display Port & 2 x HDMI 2.0 Ports)",$427.99,4.5 out of 5 stars,948,https://www.amazon.com/s?k=ultrawide+monitor&ref=nb_sb_noss_1
"Sceptre Curved 30"" 21:9 Gaming LED Monitor 2560x1080p UltraWide Ultra Slim HDMI DisplayPort Up to 85Hz MPRT 1ms FPS-RTS Build-in Speakers, Machine Black (C305W-2560UN)",$235.91,4.6 out of 5 stars,"2,338",https://www.amazon.com/s?k=ultrawide+monitor&ref=nb_sb_noss_1
"Lenovo G34w-10 34-Inch WQHD Curved Gaming Monitor, 21:9 Ultra-Wide, 3 Side NearEdgeless, 3440 x 1440, AMD FreeSync, 144Hz, HDMI, DP, Adjustable Stand, VESA, 66A1GCCBUS, Black",$459.99,4.3 out of 5 stars,89,https://www.amazon.com/s?k=ultrawide+monitor&ref=nb_sb_noss_1
"TVON Single VESA Monitor Stand, Free-Standing Computer Desk Riser for 13-32 inch Screen with Height Adjustable,Swivel, Tilt,Rotation Mount, Hold up to 22 lbs, VESA 75x75 100x100mm, Black",$29.99,3.6 out of 5 stars,5,https://www.amazon.com/s?k=ultrawide+monitor&ref=nb_sb_noss_1
"Z-Edge U28I4K 28-inch Gaming Monitor Ultra HD 4K 3840x2160 IPS LED Monitor, 300 cd/m², 4 ms Response Time, HDMI+DP+Type-C+USB-B+USB2, Built-in Speakers, FreeSync Technology",$269.99,3.9 out of 5 stars,15,https://www.amazon.com/s?k=ultrawide+monitor&ref=nb_sb_noss_1
"LG 29WN600-W 29"" 21:9 UltraWide WFHD IPS HDR10 Monitor with FreeSync, Silver",$226.99,4.7 out of 5 stars,"1,814",https://www.amazon.com/s?k=ultrawide+monitor&ref=nb_sb_noss_1
"LG 29WP60G-B 29 Inch 21:9 UltraWide Full HD (2560 x 1080) IPS Monitor with sRGB 99% Color Gamut and HDR 10, USB Type-C Connectivity and 3-Side Virtually Borderless Display, Black",$226.99,4.6 out of 5 stars,"1,034",https://www.amazon.com/s?k=ultrawide+monitor&ref=nb_sb_noss_1
"Sceptre 35 Inch Curved UltraWide 21: 9 LED Creative Monitor QHD 3440x1440 Frameless AMD Freesync HDMI DisplayPort Up to 100Hz, Machine Black 2020 (C355W-3440UN)",$399.97,4.6 out of 5 stars,"2,251",https://www.amazon.com/s?k=ultrawide+monitor&ref=nb_sb_noss_1
LG 34GP83A-B 34 Inch 21: 9 UltraGear Curved QHD (3440 x 1440) 1ms Nano IPS Gaming Monitor with 144Hz and G-SYNC Compatibility - Black (34GP83A-B),$799.99,4.7 out of 5 stars,604,https://www.amazon.com/s?k=ultrawide+monitor&ref=nb_sb_noss_1
LG 25UM58-P 25'' UltraWide 21:9 IPS Full HD Monitor with sRGB 99% and On-Screen Control with Screen Split,$178.99,4.5 out of 5 stars,"3,812",https://www.amazon.com/s?k=ultrawide+monitor&ref=nb_sb_noss_1
"GIGABYTE G34WQC 34"" 144Hz Ultra-Wide Curved Gaming Monitor, 3440 x 1440 VA 1500R Display, 1ms (MPRT) Response Time, 90% DCI-P3, VESA Display HDR400, FreeSync Premium, G-Sync Compatible Ready",$399.99,4.6 out of 5 stars,"2,492",https://www.amazon.com/s?k=ultrawide+monitor&ref=nb_sb_noss_1
"AOC CU34G2X 34"" Curved Frameless Immersive Gaming Monitor, UltraWide QHD 3440x1440, VA Panel, 1ms 144Hz Adaptive-Sync, Height Adjustable, 3-Yr Zero Dead Pixels",$449.99,4.7 out of 5 stars,"9,193",https://www.amazon.com/s?k=ultrawide+monitor&ref=nb_sb_noss_1
"Z-Edge U29IA 29"" Ultrawide Gaming Monitor 2560x1080 WFHD 21:9 Aspect Ratio 100Hz Refresh Rate 4ms MPRT IPS Monitor, HDMIx2+DP with Wireless Keyword and Mouse (Black)",$189.99,4.2 out of 5 stars,39,https://www.amazon.com/s?k=ultrawide+monitor&ref=nb_sb_noss_1
"Philips 343E2E 34"" Frameless IPS Monitor, UltraWide Full HD 2560x1080, 123% sRGB/109% NTSC, 1ms 75Hz FreeSync, USB-C (w/PD up to 65W), Height Adjustable, VESA, 4Yr Advance Replacement",$297.60,4.6 out of 5 stars,"8,559",https://www.amazon.com/s?k=ultrawide+monitor&ref=nb_sb_noss_1
"Acer Nitro XZ342CK Pbmiiphx 34"" 1500R Curved WQHD (3440 x 1440) VA Gaming Monitor with AMD Radeon Freesync, VESA Certified DisplayHDR400, 95% sRGB, 144Hz, 1ms VRB (Display Port & 2 x HDMI 2.0 Ports)",$427.99,4.5 out of 5 stars,948,https://www.amazon.com/s?k=ultrawide+monitor&ref=nb_sb_noss_1
"Sceptre Curved 30"" 21:9 Gaming LED Monitor 2560x1080p UltraWide Ultra Slim HDMI DisplayPort Up to 85Hz MPRT 1ms FPS-RTS Build-in Speakers, Machine Black (C305W-2560UN)",$235.91,4.6 out of 5 stars,"2,338",https://www.amazon.com/s?k=ultrawide+monitor&ref=nb_sb_noss_1
"Lenovo G34w-10 34-Inch WQHD Curved Gaming Monitor, 21:9 Ultra-Wide, 3 Side NearEdgeless, 3440 x 1440, AMD FreeSync, 144Hz, HDMI, DP, Adjustable Stand, VESA, 66A1GCCBUS, Black",$459.99,4.3 out of 5 stars,89,https://www.amazon.com/s?k=ultrawide+monitor&ref=nb_sb_noss_1
"Deco Gear 35"" Curved Ultrawide LED Gaming Monitor 21:9 Aspect Ratio, Crisp 2560 x 1080 Resolution, 16.7 Million Colors, 75 HZ Refresh Rate, 2000:1 Contrast Ratio, (HDMI, DVI, and DP Connections)",$339.95,4.7 out of 5 stars,333,https://www.amazon.com/s?k=ultrawide+monitor&ref=nb_sb_noss_1
"Sceptre Curved 30"" 21:9 Gaming LED Monitor 2560x1080p UltraWide Ultra Slim HDMI DisplayPort Up to 85Hz MPRT 1ms FPS-RTS Build-in Speakers, Machine Black (C305W-2560UN)",$235.91,4.6 out of 5 stars,"2,338",https://www.amazon.com/s?k=ultrawide+monitor&ref=nb_sb_noss_1
"LG 29WN600-W 29"" 21:9 UltraWide WFHD IPS HDR10 Monitor with FreeSync, Silver",$226.99,4.7 out of 5 stars,"1,814",https://www.amazon.com/s?k=ultrawide+monitor&ref=nb_sb_noss_1
"LG 29WP60G-B 29 Inch 21:9 UltraWide Full HD (2560 x 1080) IPS Monitor with sRGB 99% Color Gamut and HDR 10, USB Type-C Connectivity and 3-Side Virtually Borderless Display, Black",$226.99,4.6 out of 5 stars,"1,034",https://www.amazon.com/s?k=ultrawide+monitor&ref=nb_sb_noss_1
"Sceptre 35 Inch Curved UltraWide 21: 9 LED Creative Monitor QHD 3440x1440 Frameless AMD Freesync HDMI DisplayPort Up to 100Hz, Machine Black 2020 (C355W-3440UN)",$399.97,4.6 out of 5 stars,"2,251",https://www.amazon.com/s?k=ultrawide+monitor&ref=nb_sb_noss_1
LG 34GP83A-B 34 Inch 21: 9 UltraGear Curved QHD (3440 x 1440) 1ms Nano IPS Gaming Monitor with 144Hz and G-SYNC Compatibility - Black (34GP83A-B),$799.99,4.7 out of 5 stars,604,https://www.amazon.com/s?k=ultrawide+monitor&ref=nb_sb_noss_1
LG 25UM58-P 25'' UltraWide 21:9 IPS Full HD Monitor with sRGB 99% and On-Screen Control with Screen Split,$178.99,4.5 out of 5 stars,"3,812",https://www.amazon.com/s?k=ultrawide+monitor&ref=nb_sb_noss_1
"MOUNTUP Dual Monitor Stand - Free Standing & Height Adjustable Monitor Desk Mount, Steady VESA Mount Computer Monitor Stand for 2 Screens up to 27 inch, MU1002",$37.99,4.5 out of 5 stars,66,https://www.amazon.com/s?k=ultrawide+monitor&ref=nb_sb_noss_1
"GIGABYTE G34WQC 34"" 144Hz Ultra-Wide Curved Gaming Monitor, 3440 x 1440 VA 1500R Display, 1ms (MPRT) Response Time, 90% DCI-P3, VESA Display HDR400, FreeSync Premium, G-Sync Compatible Ready",$399.99,4.6 out of 5 stars,"2,492",https://www.amazon.com/s?k=ultrawide+monitor&ref=nb_sb_noss_1
"AOC CU34G2X 34"" Curved Frameless Immersive Gaming Monitor, UltraWide QHD 3440x1440, VA Panel, 1ms 144Hz Adaptive-Sync, Height Adjustable, 3-Yr Zero Dead Pixels",$449.99,4.7 out of 5 stars,"9,193",https://www.amazon.com/s?k=ultrawide+monitor&ref=nb_sb_noss_1
"Z-Edge U29IA 29"" Ultrawide Gaming Monitor 2560x1080 WFHD 21:9 Aspect Ratio 100Hz Refresh Rate 4ms MPRT IPS Monitor, HDMIx2+DP with Wireless Keyword and Mouse (Black)",$189.99,4.2 out of 5 stars,39,https://www.amazon.com/s?k=ultrawide+monitor&ref=nb_sb_noss_1
"Philips 343E2E 34"" Frameless IPS Monitor, UltraWide Full HD 2560x1080, 123% sRGB/109% NTSC, 1ms 75Hz FreeSync, USB-C (w/PD up to 65W), Height Adjustable, VESA, 4Yr Advance Replacement",$297.60,4.6 out of 5 stars,"8,559",https://www.amazon.com/s?k=ultrawide+monitor&ref=nb_sb_noss_1
"TVON Single VESA Monitor Stand, Free-Standing Computer Desk Riser for 13-32 inch Screen with Height Adjustable,Swivel, Tilt,Rotation Mount, Hold up to 22 lbs, VESA 75x75 100x100mm, Black",$29.99,3.6 out of 5 stars,5,https://www.amazon.com/s?k=ultrawide+monitor&ref=nb_sb_noss_1
"Acer Nitro XZ342CK Pbmiiphx 34"" 1500R Curved WQHD (3440 x 1440) VA Gaming Monitor with AMD Radeon Freesync, VESA Certified DisplayHDR400, 95% sRGB, 144Hz, 1ms VRB (Display Port & 2 x HDMI 2.0 Ports)",$427.99,4.5 out of 5 stars,948,https://www.amazon.com/s?k=ultrawide+monitor&ref=nb_sb_noss_1
"Sceptre Curved 30"" 21:9 Gaming LED Monitor 2560x1080p UltraWide Ultra Slim HDMI DisplayPort Up to 85Hz MPRT 1ms FPS-RTS Build-in Speakers, Machine Black (C305W-2560UN)",$235.91,4.6 out of 5 stars,"2,338",https://www.amazon.com/s?k=ultrawide+monitor&ref=nb_sb_noss_1
"Lenovo G34w-10 34-Inch WQHD Curved Gaming Monitor, 21:9 Ultra-Wide, 3 Side NearEdgeless, 3440 x 1440, AMD FreeSync, 144Hz, HDMI, DP, Adjustable Stand, VESA, 66A1GCCBUS, Black",$459.99,4.3 out of 5 stars,89,https://www.amazon.com/s?k=ultrawide+monitor&ref=nb_sb_noss_1
"Z-Edge U28I4K 28-inch Gaming Monitor Ultra HD 4K 3840x2160 IPS LED Monitor, 300 cd/m², 4 ms Response Time, HDMI+DP+Type-C+USB-B+USB2, Built-in Speakers, FreeSync Technology",$269.99,3.9 out of 5 stars,15,https://www.amazon.com/s?k=ultrawide+monitor&ref=nb_sb_noss_1
"Z-Edge U24I 24"" Full HD 1920x1080 75Hz LED IPS Monitor 178° Wide View Angle HDMI VGA with Eye Care Technology",$129.99,4.5 out of 5 stars,77,https://www.amazon.com/s?k=ultrawide+monitor&ref=nb_sb_noss_1
"Deco Gear 35"" Curved Ultrawide LED Gaming Monitor 21:9 Aspect Ratio, Crisp 2560 x 1080 Resolution, 16.7 Million Colors, 75 HZ Refresh Rate, 2000:1 Contrast Ratio, (HDMI, DVI, and DP Connections)",$339.95,4.7 out of 5 stars,333,https://www.amazon.com/s?k=ultrawide+monitor&ref=nb_sb_noss_1
"Sceptre Curved 30"" 21:9 Gaming LED Monitor 2560x1080p UltraWide Ultra Slim HDMI DisplayPort Up to 85Hz MPRT 1ms FPS-RTS Build-in Speakers, Machine Black (C305W-2560UN)",$235.91,4.6 out of 5 stars,"2,338",https://www.amazon.com/s?k=ultrawide+monitor&ref=nb_sb_noss_1
"LG 29WN600-W 29"" 21:9 UltraWide WFHD IPS HDR10 Monitor with FreeSync, Silver",$226.99,4.7 out of 5 stars,"1,814",https://www.amazon.com/s?k=ultrawide+monitor&ref=nb_sb_noss_1
"LG 29WP60G-B 29 Inch 21:9 UltraWide Full HD (2560 x 1080) IPS Monitor with sRGB 99% Color Gamut and HDR 10, USB Type-C Connectivity and 3-Side Virtually Borderless Display, Black",$226.99,4.6 out of 5 stars,"1,034",https://www.amazon.com/s?k=ultrawide+monitor&ref=nb_sb_noss_1
"Sceptre 35 Inch Curved UltraWide 21: 9 LED Creative Monitor QHD 3440x1440 Frameless AMD Freesync HDMI DisplayPort Up to 100Hz, Machine Black 2020 (C355W-3440UN)",$399.97,4.6 out of 5 stars,"2,251",https://www.amazon.com/s?k=ultrawide+monitor&ref=nb_sb_noss_1
LG 34GP83A-B 34 Inch 21: 9 UltraGear Curved QHD (3440 x 1440) 1ms Nano IPS Gaming Monitor with 144Hz and G-SYNC Compatibility - Black (34GP83A-B),$799.99,4.7 out of 5 stars,604,https://www.amazon.com/s?k=ultrawide+monitor&ref=nb_sb_noss_1
LG 25UM58-P 25'' UltraWide 21:9 IPS Full HD Monitor with sRGB 99% and On-Screen Control with Screen Split,$178.99,4.5 out of 5 stars,"3,812",https://www.amazon.com/s?k=ultrawide+monitor&ref=nb_sb_noss_1
"MOUNTUP Dual Monitor Stand - Free Standing & Height Adjustable Monitor Desk Mount, Steady VESA Mount Computer Monitor Stand for 2 Screens up to 27 inch, MU1002",$37.99,4.5 out of 5 stars,66,https://www.amazon.com/s?k=ultrawide+monitor&ref=nb_sb_noss_1
"GIGABYTE G34WQC 34"" 144Hz Ultra-Wide Curved Gaming Monitor, 3440 x 1440 VA 1500R Display, 1ms (MPRT) Response Time, 90% DCI-P3, VESA Display HDR400, FreeSync Premium, G-Sync Compatible Ready",$399.99,4.6 out of 5 stars,"2,492",https://www.amazon.com/s?k=ultrawide+monitor&ref=nb_sb_noss_1
"AOC CU34G2X 34"" Curved Frameless Immersive Gaming Monitor, UltraWide QHD 3440x1440, VA Panel, 1ms 144Hz Adaptive-Sync, Height Adjustable, 3-Yr Zero Dead Pixels",$449.99,4.7 out of 5 stars,"9,193",https://www.amazon.com/s?k=ultrawide+monitor&ref=nb_sb_noss_1
"Z-Edge U29IA 29"" Ultrawide Gaming Monitor 2560x1080 WFHD 21:9 Aspect Ratio 100Hz Refresh Rate 4ms MPRT IPS Monitor, HDMIx2+DP with Wireless Keyword and Mouse (Black)",$189.99,4.2 out of 5 stars,39,https://www.amazon.com/s?k=ultrawide+monitor&ref=nb_sb_noss_1
"Philips 343E2E 34"" Frameless IPS Monitor, UltraWide Full HD 2560x1080, 123% sRGB/109% NTSC, 1ms 75Hz FreeSync, USB-C (w/PD up to 65W), Height Adjustable, VESA, 4Yr Advance Replacement",$297.60,4.6 out of 5 stars,"8,559",https://www.amazon.com/s?k=ultrawide+monitor&ref=nb_sb_noss_1
"TVON Single VESA Monitor Stand, Free-Standing Computer Desk Riser for 13-32 inch Screen with Height Adjustable,Swivel, Tilt,Rotation Mount, Hold up to 22 lbs, VESA 75x75 100x100mm, Black",$29.99,3.6 out of 5 stars,5,https://www.amazon.com/s?k=ultrawide+monitor&ref=nb_sb_noss_1
"Acer Nitro XZ342CK Pbmiiphx 34"" 1500R Curved WQHD (3440 x 1440) VA Gaming Monitor with AMD Radeon Freesync, VESA Certified DisplayHDR400, 95% sRGB, 144Hz, 1ms VRB (Display Port & 2 x HDMI 2.0 Ports)",$427.99,4.5 out of 5 stars,948,https://www.amazon.com/s?k=ultrawide+monitor&ref=nb_sb_noss_1
"Sceptre Curved 30"" 21:9 Gaming LED Monitor 2560x1080p UltraWide Ultra Slim HDMI DisplayPort Up to 85Hz MPRT 1ms FPS-RTS Build-in Speakers, Machine Black (C305W-2560UN)",$235.91,4.6 out of 5 stars,"2,338",https://www.amazon.com/s?k=ultrawide+monitor&ref=nb_sb_noss_1
"Lenovo G34w-10 34-Inch WQHD Curved Gaming Monitor, 21:9 Ultra-Wide, 3 Side NearEdgeless, 3440 x 1440, AMD FreeSync, 144Hz, HDMI, DP, Adjustable Stand, VESA, 66A1GCCBUS, Black",$459.99,4.3 out of 5 stars,89,https://www.amazon.com/s?k=ultrawide+monitor&ref=nb_sb_noss_1
"Z-Edge U28I4K 28-inch Gaming Monitor Ultra HD 4K 3840x2160 IPS LED Monitor, 300 cd/m², 4 ms Response Time, HDMI+DP+Type-C+USB-B+USB2, Built-in Speakers, FreeSync Technology",$269.99,3.9 out of 5 stars,15,https://www.amazon.com/s?k=ultrawide+monitor&ref=nb_sb_noss_1
"UG27Q 27-inch IPS Gaming Monitor 100Hz - QHD 2K 2560 x 1440 Computer Monitor with HDR and Eye-Care Technology, 178° Wide View Angle",$239.99,5.0 out of 5 stars,3,https://www.amazon.com/s?k=ultrawide+monitor&ref=nb_sb_noss_1
"Deco Gear 35"" Curved Ultrawide LED Gaming Monitor 21:9 Aspect Ratio, Crisp 2560 x 1080 Resolution, 16.7 Million Colors, 75 HZ Refresh Rate, 2000:1 Contrast Ratio, (HDMI, DVI, and DP Connections)",$339.95,4.7 out of 5 stars,333,https://www.amazon.com/s?k=ultrawide+monitor&ref=nb_sb_noss_1
"Sceptre Curved 30"" 21:9 Gaming LED Monitor 2560x1080p UltraWide Ultra Slim HDMI DisplayPort Up to 85Hz MPRT 1ms FPS-RTS Build-in Speakers, Machine Black (C305W-2560UN)",$235.91,4.6 out of 5 stars,"2,338",https://www.amazon.com/s?k=ultrawide+monitor&ref=nb_sb_noss_1
"LG 29WN600-W 29"" 21:9 UltraWide WFHD IPS HDR10 Monitor with FreeSync, Silver",$226.99,4.7 out of 5 stars,"1,814",https://www.amazon.com/s?k=ultrawide+monitor&ref=nb_sb_noss_1
"LG 29WP60G-B 29 Inch 21:9 UltraWide Full HD (2560 x 1080) IPS Monitor with sRGB 99% Color Gamut and HDR 10, USB Type-C Connectivity and 3-Side Virtually Borderless Display, Black",$226.99,4.6 out of 5 stars,"1,034",https://www.amazon.com/s?k=ultrawide+monitor&ref=nb_sb_noss_1
"Sceptre 35 Inch Curved UltraWide 21: 9 LED Creative Monitor QHD 3440x1440 Frameless AMD Freesync HDMI DisplayPort Up to 100Hz, Machine Black 2020 (C355W-3440UN)",$399.97,4.6 out of 5 stars,"2,251",https://www.amazon.com/s?k=ultrawide+monitor&ref=nb_sb_noss_1
LG 34GP83A-B 34 Inch 21: 9 UltraGear Curved QHD (3440 x 1440) 1ms Nano IPS Gaming Monitor with 144Hz and G-SYNC Compatibility - Black (34GP83A-B),$799.99,4.7 out of 5 stars,604,https://www.amazon.com/s?k=ultrawide+monitor&ref=nb_sb_noss_1
LG 25UM58-P 25'' UltraWide 21:9 IPS Full HD Monitor with sRGB 99% and On-Screen Control with Screen Split,$178.99,4.5 out of 5 stars,"3,812",https://www.amazon.com/s?k=ultrawide+monitor&ref=nb_sb_noss_1
"MOUNTUP Dual Monitor Stand - Free Standing & Height Adjustable Monitor Desk Mount, Steady VESA Mount Computer Monitor Stand for 2 Screens up to 27 inch, MU1002",$37.99,4.5 out of 5 stars,66,https://www.amazon.com/s?k=ultrawide+monitor&ref=nb_sb_noss_1
"GIGABYTE G34WQC 34"" 144Hz Ultra-Wide Curved Gaming Monitor, 3440 x 1440 VA 1500R Display, 1ms (MPRT) Response Time, 90% DCI-P3, VESA Display HDR400, FreeSync Premium, G-Sync Compatible Ready",$399.99,4.6 out of 5 stars,"2,492",https://www.amazon.com/s?k=ultrawide+monitor&ref=nb_sb_noss_1
"AOC CU34G2X 34"" Curved Frameless Immersive Gaming Monitor, UltraWide QHD 3440x1440, VA Panel, 1ms 144Hz Adaptive-Sync, Height Adjustable, 3-Yr Zero Dead Pixels",$449.99,4.7 out of 5 stars,"9,193",https://www.amazon.com/s?k=ultrawide+monitor&ref=nb_sb_noss_1
"Z-Edge U29IA 29"" Ultrawide Gaming Monitor 2560x1080 WFHD 21:9 Aspect Ratio 100Hz Refresh Rate 4ms MPRT IPS Monitor, HDMIx2+DP with Wireless Keyword and Mouse (Black)",$189.99,4.2 out of 5 stars,39,https://www.amazon.com/s?k=ultrawide+monitor&ref=nb_sb_noss_1
"Philips 343E2E 34"" Frameless IPS Monitor, UltraWide Full HD 2560x1080, 123% sRGB/109% NTSC, 1ms 75Hz FreeSync, USB-C (w/PD up to 65W), Height Adjustable, VESA, 4Yr Advance Replacement",$297.60,4.6 out of 5 stars,"8,559",https://www.amazon.com/s?k=ultrawide+monitor&ref=nb_sb_noss_1
"TVON Single VESA Monitor Stand, Free-Standing Computer Desk Riser for 13-32 inch Screen with Height Adjustable,Swivel, Tilt,Rotation Mount, Hold up to 22 lbs, VESA 75x75 100x100mm, Black",$29.99,3.6 out of 5 stars,5,https://www.amazon.com/s?k=ultrawide+monitor&ref=nb_sb_noss_1
"Acer Nitro XZ342CK Pbmiiphx 34"" 1500R Curved WQHD (3440 x 1440) VA Gaming Monitor with AMD Radeon Freesync, VESA Certified DisplayHDR400, 95% sRGB, 144Hz, 1ms VRB (Display Port & 2 x HDMI 2.0 Ports)",$427.99,4.5 out of 5 stars,948,https://www.amazon.com/s?k=ultrawide+monitor&ref=nb_sb_noss_1
"Sceptre Curved 30"" 21:9 Gaming LED Monitor 2560x1080p UltraWide Ultra Slim HDMI DisplayPort Up to 85Hz MPRT 1ms FPS-RTS Build-in Speakers, Machine Black (C305W-2560UN)",$235.91,4.6 out of 5 stars,"2,338",https://www.amazon.com/s?k=ultrawide+monitor&ref=nb_sb_noss_1
"Lenovo G34w-10 34-Inch WQHD Curved Gaming Monitor, 21:9 Ultra-Wide, 3 Side NearEdgeless, 3440 x 1440, AMD FreeSync, 144Hz, HDMI, DP, Adjustable Stand, VESA, 66A1GCCBUS, Black",$459.99,4.3 out of 5 stars,89,https://www.amazon.com/s?k=ultrawide+monitor&ref=nb_sb_noss_1
"Z-Edge U28I4K 28-inch Gaming Monitor Ultra HD 4K 3840x2160 IPS LED Monitor, 300 cd/m², 4 ms Response Time, HDMI+DP+Type-C+USB-B+USB2, Built-in Speakers, FreeSync Technology",$269.99,3.9 out of 5 stars,15,https://www.amazon.com/s?k=ultrawide+monitor&ref=nb_sb_noss_1
"UG27Q 27-inch IPS Gaming Monitor 100Hz - QHD 2K 2560 x 1440 Computer Monitor with HDR and Eye-Care Technology, 178° Wide View Angle",$239.99,5.0 out of 5 stars,3,https://www.amazon.com/s?k=ultrawide+monitor&ref=nb_sb_noss_1
"Deco Gear 35"" Curved Ultrawide LED Gaming Monitor 21:9 Aspect Ratio, Crisp 2560 x 1080 Resolution, 16.7 Million Colors, 75 HZ Refresh Rate, 2000:1 Contrast Ratio, (HDMI, DVI, and DP Connections)",$339.95,4.7 out of 5 stars,333,https://www.amazon.com/s?k=ultrawide+monitor&ref=nb_sb_noss_1
"Sceptre Curved 30"" 21:9 Gaming LED Monitor 2560x1080p UltraWide Ultra Slim HDMI DisplayPort Up to 85Hz MPRT 1ms FPS-RTS Build-in Speakers, Machine Black (C305W-2560UN)",$235.91,4.6 out of 5 stars,"2,338",https://www.amazon.com/s?k=ultrawide+monitor&ref=nb_sb_noss_1
"LG 29WN600-W 29"" 21:9 UltraWide WFHD IPS HDR10 Monitor with FreeSync, Silver",$226.99,4.7 out of 5 stars,"1,814",https://www.amazon.com/s?k=ultrawide+monitor&ref=nb_sb_noss_1
"LG 29WP60G-B 29 Inch 21:9 UltraWide Full HD (2560 x 1080) IPS Monitor with sRGB 99% Color Gamut and HDR 10, USB Type-C Connectivity and 3-Side Virtually Borderless Display, Black",$226.99,4.6 out of 5 stars,"1,034",https://www.amazon.com/s?k=ultrawide+monitor&ref=nb_sb_noss_1
"Sceptre 35 Inch Curved UltraWide 21: 9 LED Creative Monitor QHD 3440x1440 Frameless AMD Freesync HDMI DisplayPort Up to 100Hz, Machine Black 2020 (C355W-3440UN)",$399.97,4.6 out of 5 stars,"2,251",https://www.amazon.com/s?k=ultrawide+monitor&ref=nb_sb_noss_1
LG 34GP83A-B 34 Inch 21: 9 UltraGear Curved QHD (3440 x 1440) 1ms Nano IPS Gaming Monitor with 144Hz and G-SYNC Compatibility - Black (34GP83A-B),$799.99,4.7 out of 5 stars,604,https://www.amazon.com/s?k=ultrawide+monitor&ref=nb_sb_noss_1
LG 25UM58-P 25'' UltraWide 21:9 IPS Full HD Monitor with sRGB 99% and On-Screen Control with Screen Split,$178.99,4.5 out of 5 stars,"3,812",https://www.amazon.com/s?k=ultrawide+monitor&ref=nb_sb_noss_1
"MOUNTUP Dual Monitor Stand - Free Standing & Height Adjustable Monitor Desk Mount, Steady VESA Mount Computer Monitor Stand for 2 Screens up to 27 inch, MU1002",$37.99,4.5 out of 5 stars,66,https://www.amazon.com/s?k=ultrawide+monitor&ref=nb_sb_noss_1
"GIGABYTE G34WQC 34"" 144Hz Ultra-Wide Curved Gaming Monitor, 3440 x 1440 VA 1500R Display, 1ms (MPRT) Response Time, 90% DCI-P3, VESA Display HDR400, FreeSync Premium, G-Sync Compatible Ready",$399.99,4.6 out of 5 stars,"2,492",https://www.amazon.com/s?k=ultrawide+monitor&ref=nb_sb_noss_1
"AOC CU34G2X 34"" Curved Frameless Immersive Gaming Monitor, UltraWide QHD 3440x1440, VA Panel, 1ms 144Hz Adaptive-Sync, Height Adjustable, 3-Yr Zero Dead Pixels",$449.99,4.7 out of 5 stars,"9,193",https://www.amazon.com/s?k=ultrawide+monitor&ref=nb_sb_noss_1
"Z-Edge U29IA 29"" Ultrawide Gaming Monitor 2560x1080 WFHD 21:9 Aspect Ratio 100Hz Refresh Rate 4ms MPRT IPS Monitor, HDMIx2+DP with Wireless Keyword and Mouse (Black)",$189.99,4.2 out of 5 stars,39,https://www.amazon.com/s?k=ultrawide+monitor&ref=nb_sb_noss_1
"Philips 343E2E 34"" Frameless IPS Monitor, UltraWide Full HD 2560x1080, 123% sRGB/109% NTSC, 1ms 75Hz FreeSync, USB-C (w/PD up to 65W), Height Adjustable, VESA, 4Yr Advance Replacement",$297.60,4.6 out of 5 stars,"8,559",https://www.amazon.com/s?k=ultrawide+monitor&ref=nb_sb_noss_1
"TVON Single VESA Monitor Stand, Free-Standing Computer Desk Riser for 13-32 inch Screen with Height Adjustable,Swivel, Tilt,Rotation Mount, Hold up to 22 lbs, VESA 75x75 100x100mm, Black",$29.99,3.6 out of 5 stars,5,https://www.amazon.com/s?k=ultrawide+monitor&ref=nb_sb_noss_1
"Acer Nitro XZ342CK Pbmiiphx 34"" 1500R Curved WQHD (3440 x 1440) VA Gaming Monitor with AMD Radeon Freesync, VESA Certified DisplayHDR400, 95% sRGB, 144Hz, 1ms VRB (Display Port & 2 x HDMI 2.0 Ports)",$427.99,4.5 out of 5 stars,948,https://www.amazon.com/s?k=ultrawide+monitor&ref=nb_sb_noss_1
"Sceptre Curved 30"" 21:9 Gaming LED Monitor 2560x1080p UltraWide Ultra Slim HDMI DisplayPort Up to 85Hz MPRT 1ms FPS-RTS Build-in Speakers, Machine Black (C305W-2560UN)",$235.91,4.6 out of 5 stars,"2,338",https://www.amazon.com/s?k=ultrawide+monitor&ref=nb_sb_noss_1
"Lenovo G34w-10 34-Inch WQHD Curved Gaming Monitor, 21:9 Ultra-Wide, 3 Side NearEdgeless, 3440 x 1440, AMD FreeSync, 144Hz, HDMI, DP, Adjustable Stand, VESA, 66A1GCCBUS, Black",$459.99,4.3 out of 5 stars,89,https://www.amazon.com/s?k=ultrawide+monitor&ref=nb_sb_noss_1
"Z-Edge U28I4K 28-inch Gaming Monitor Ultra HD 4K 3840x2160 IPS LED Monitor, 300 cd/m², 4 ms Response Time, HDMI+DP+Type-C+USB-B+USB2, Built-in Speakers, FreeSync Technology",$269.99,3.9 out of 5 stars,15,https://www.amazon.com/s?k=ultrawide+monitor&ref=nb_sb_noss_1
"UG27Q 27-inch IPS Gaming Monitor 100Hz - QHD 2K 2560 x 1440 Computer Monitor with HDR and Eye-Care Technology, 178° Wide View Angle",$239.99,5.0 out of 5 stars,3,https://www.amazon.com/s?k=ultrawide+monitor&ref=nb_sb_noss_1
"Deco Gear 35"" Curved Ultrawide LED Gaming Monitor 21:9 Aspect Ratio, Crisp 2560 x 1080 Resolution, 16.7 Million Colors, 75 HZ Refresh Rate, 2000:1 Contrast Ratio, (HDMI, DVI, and DP Connections)",$339.95,4.7 out of 5 stars,333,https://www.amazon.com/s?k=ultrawide+monitor&ref=nb_sb_noss_1
"Sceptre Curved 30"" 21:9 Gaming LED Monitor 2560x1080p UltraWide Ultra Slim HDMI DisplayPort Up to 85Hz MPRT 1ms FPS-RTS Build-in Speakers, Machine Black (C305W-2560UN)",$235.91,4.6 out of 5 stars,"2,338",https://www.amazon.com/s?k=ultrawide+monitor&ref=nb_sb_noss_1
"LG 29WN600-W 29"" 21:9 UltraWide WFHD IPS HDR10 Monitor with FreeSync, Silver",$226.99,4.7 out of 5 stars,"1,814",https://www.amazon.com/s?k=ultrawide+monitor&ref=nb_sb_noss_1
"LG 29WP60G-B 29 Inch 21:9 UltraWide Full HD (2560 x 1080) IPS Monitor with sRGB 99% Color Gamut and HDR 10, USB Type-C Connectivity and 3-Side Virtually Borderless Display, Black",$226.99,4.6 out of 5 stars,"1,034",https://www.amazon.com/s?k=ultrawide+monitor&ref=nb_sb_noss_1
"Sceptre 35 Inch Curved UltraWide 21: 9 LED Creative Monitor QHD 3440x1440 Frameless AMD Freesync HDMI DisplayPort Up to 100Hz, Machine Black 2020 (C355W-3440UN)",$399.97,4.6 out of 5 stars,"2,251",https://www.amazon.com/s?k=ultrawide+monitor&ref=nb_sb_noss_1
LG 34GP83A-B 34 Inch 21: 9 UltraGear Curved QHD (3440 x 1440) 1ms Nano IPS Gaming Monitor with 144Hz and G-SYNC Compatibility - Black (34GP83A-B),$799.99,4.7 out of 5 stars,604,https://www.amazon.com/s?k=ultrawide+monitor&ref=nb_sb_noss_1
LG 25UM58-P 25'' UltraWide 21:9 IPS Full HD Monitor with sRGB 99% and On-Screen Control with Screen Split,$178.99,4.5 out of 5 stars,"3,812",https://www.amazon.com/s?k=ultrawide+monitor&ref=nb_sb_noss_1
"MOUNTUP Dual Monitor Stand - Free Standing & Height Adjustable Monitor Desk Mount, Steady VESA Mount Computer Monitor Stand for 2 Screens up to 27 inch, MU1002",$37.99,4.5 out of 5 stars,66,https://www.amazon.com/s?k=ultrawide+monitor&ref=nb_sb_noss_1
"GIGABYTE G34WQC 34"" 144Hz Ultra-Wide Curved Gaming Monitor, 3440 x 1440 VA 1500R Display, 1ms (MPRT) Response Time, 90% DCI-P3, VESA Display HDR400, FreeSync Premium, G-Sync Compatible Ready",$399.99,4.6 out of 5 stars,"2,492",https://www.amazon.com/s?k=ultrawide+monitor&ref=nb_sb_noss_1
"AOC CU34G2X 34"" Curved Frameless Immersive Gaming Monitor, UltraWide QHD 3440x1440, VA Panel, 1ms 144Hz Adaptive-Sync, Height Adjustable, 3-Yr Zero Dead Pixels",$449.99,4.7 out of 5 stars,"9,193",https://www.amazon.com/s?k=ultrawide+monitor&ref=nb_sb_noss_1
"Z-Edge U29IA 29"" Ultrawide Gaming Monitor 2560x1080 WFHD 21:9 Aspect Ratio 100Hz Refresh Rate 4ms MPRT IPS Monitor, HDMIx2+DP with Wireless Keyword and Mouse (Black)",$189.99,4.2 out of 5 stars,39,https://www.amazon.com/s?k=ultrawide+monitor&ref=nb_sb_noss_1
"Philips 343E2E 34"" Frameless IPS Monitor, UltraWide Full HD 2560x1080, 123% sRGB/109% NTSC, 1ms 75Hz FreeSync, USB-C (w/PD up to 65W), Height Adjustable, VESA, 4Yr Advance Replacement",$297.60,4.6 out of 5 stars,"8,559",https://www.amazon.com/s?k=ultrawide+monitor&ref=nb_sb_noss_1
"TVON Single VESA Monitor Stand, Free-Standing Computer Desk Riser for 13-32 inch Screen with Height Adjustable,Swivel, Tilt,Rotation Mount, Hold up to 22 lbs, VESA 75x75 100x100mm, Black",$29.99,3.6 out of 5 stars,5,https://www.amazon.com/s?k=ultrawide+monitor&ref=nb_sb_noss_1
"Acer Nitro XZ342CK Pbmiiphx 34"" 1500R Curved WQHD (3440 x 1440) VA Gaming Monitor with AMD Radeon Freesync, VESA Certified DisplayHDR400, 95% sRGB, 144Hz, 1ms VRB (Display Port & 2 x HDMI 2.0 Ports)",$427.99,4.5 out of 5 stars,948,https://www.amazon.com/s?k=ultrawide+monitor&ref=nb_sb_noss_1
"Sceptre Curved 30"" 21:9 Gaming LED Monitor 2560x1080p UltraWide Ultra Slim HDMI DisplayPort Up to 85Hz MPRT 1ms FPS-RTS Build-in Speakers, Machine Black (C305W-2560UN)",$235.91,4.6 out of 5 stars,"2,338",https://www.amazon.com/s?k=ultrawide+monitor&ref=nb_sb_noss_1
"Lenovo G34w-10 34-Inch WQHD Curved Gaming Monitor, 21:9 Ultra-Wide, 3 Side NearEdgeless, 3440 x 1440, AMD FreeSync, 144Hz, HDMI, DP, Adjustable Stand, VESA, 66A1GCCBUS, Black",$459.99,4.3 out of 5 stars,89,https://www.amazon.com/s?k=ultrawide+monitor&ref=nb_sb_noss_1
"Z-Edge U28I4K 28-inch Gaming Monitor Ultra HD 4K 3840x2160 IPS LED Monitor, 300 cd/m², 4 ms Response Time, HDMI+DP+Type-C+USB-B+USB2, Built-in Speakers, FreeSync Technology",$269.99,3.9 out of 5 stars,15,https://www.amazon.com/s?k=ultrawide+monitor&ref=nb_sb_noss_1
"Z-Edge U24I 24"" Full HD 1920x1080 75Hz LED IPS Monitor 178° Wide View Angle HDMI VGA with Eye Care Technology",$129.99,4.5 out of 5 stars,77,https://www.amazon.com/s?k=ultrawide+monitor&ref=nb_sb_noss_1
"Deco Gear 35"" Curved Ultrawide LED Gaming Monitor 21:9 Aspect Ratio, Crisp 2560 x 1080 Resolution, 16.7 Million Colors, 75 HZ Refresh Rate, 2000:1 Contrast Ratio, (HDMI, DVI, and DP Connections)",$339.95,4.7 out of 5 stars,333,https://www.amazon.com/s?k=ultrawide+monitor&ref=nb_sb_noss_1
"Sceptre Curved 30"" 21:9 Gaming LED Monitor 2560x1080p UltraWide Ultra Slim HDMI DisplayPort Up to 85Hz MPRT 1ms FPS-RTS Build-in Speakers, Machine Black (C305W-2560UN)",$235.91,4.6 out of 5 stars,"2,338",https://www.amazon.com/s?k=ultrawide+monitor&ref=nb_sb_noss_1
"LG 29WN600-W 29"" 21:9 UltraWide WFHD IPS HDR10 Monitor with FreeSync, Silver",$226.99,4.7 out of 5 stars,"1,814",https://www.amazon.com/s?k=ultrawide+monitor&ref=nb_sb_noss_1
"LG 29WP60G-B 29 Inch 21:9 UltraWide Full HD (2560 x 1080) IPS Monitor with sRGB 99% Color Gamut and HDR 10, USB Type-C Connectivity and 3-Side Virtually Borderless Display, Black",$226.99,4.6 out of 5 stars,"1,034",https://www.amazon.com/s?k=ultrawide+monitor&ref=nb_sb_noss_1
"Sceptre 35 Inch Curved UltraWide 21: 9 LED Creative Monitor QHD 3440x1440 Frameless AMD Freesync HDMI DisplayPort Up to 100Hz, Machine Black 2020 (C355W-3440UN)",$399.97,4.6 out of 5 stars,"2,251",https://www.amazon.com/s?k=ultrawide+monitor&ref=nb_sb_noss_1
LG 34GP83A-B 34 Inch 21: 9 UltraGear Curved QHD (3440 x 1440) 1ms Nano IPS Gaming Monitor with 144Hz and G-SYNC Compatibility - Black (34GP83A-B),$799.99,4.7 out of 5 stars,604,https://www.amazon.com/s?k=ultrawide+monitor&ref=nb_sb_noss_1
LG 25UM58-P 25'' UltraWide 21:9 IPS Full HD Monitor with sRGB 99% and On-Screen Control with Screen Split,$178.99,4.5 out of 5 stars,"3,812",https://www.amazon.com/s?k=ultrawide+monitor&ref=nb_sb_noss_1
"MOUNTUP Dual Monitor Stand - Free Standing & Height Adjustable Monitor Desk Mount, Steady VESA Mount Computer Monitor Stand for 2 Screens up to 27 inch, MU1002",$37.99,4.5 out of 5 stars,66,https://www.amazon.com/s?k=ultrawide+monitor&ref=nb_sb_noss_1
"GIGABYTE G34WQC 34"" 144Hz Ultra-Wide Curved Gaming Monitor, 3440 x 1440 VA 1500R Display, 1ms (MPRT) Response Time, 90% DCI-P3, VESA Display HDR400, FreeSync Premium, G-Sync Compatible Ready",$399.99,4.6 out of 5 stars,"2,492",https://www.amazon.com/s?k=ultrawide+monitor&ref=nb_sb_noss_1
"AOC CU34G2X 34"" Curved Frameless Immersive Gaming Monitor, UltraWide QHD 3440x1440, VA Panel, 1ms 144Hz Adaptive-Sync, Height Adjustable, 3-Yr Zero Dead Pixels",$449.99,4.7 out of 5 stars,"9,193",https://www.amazon.com/s?k=ultrawide+monitor&ref=nb_sb_noss_1
"Z-Edge U29IA 29"" Ultrawide Gaming Monitor 2560x1080 WFHD 21:9 Aspect Ratio 100Hz Refresh Rate 4ms MPRT IPS Monitor, HDMIx2+DP with Wireless Keyword and Mouse (Black)",$189.99,4.2 out of 5 stars,39,https://www.amazon.com/s?k=ultrawide+monitor&ref=nb_sb_noss_1
"Philips 343E2E 34"" Frameless IPS Monitor, UltraWide Full HD 2560x1080, 123% sRGB/109% NTSC, 1ms 75Hz FreeSync, USB-C (w/PD up to 65W), Height Adjustable, VESA, 4Yr Advance Replacement",$297.60,4.6 out of 5 stars,"8,559",https://www.amazon.com/s?k=ultrawide+monitor&ref=nb_sb_noss_1
"TVON Single VESA Monitor Stand, Free-Standing Computer Desk Riser for 13-32 inch Screen with Height Adjustable,Swivel, Tilt,Rotation Mount, Hold up to 22 lbs, VESA 75x75 100x100mm, Black",$29.99,3.6 out of 5 stars,5,https://www.amazon.com/s?k=ultrawide+monitor&ref=nb_sb_noss_1
"Acer Nitro XZ342CK Pbmiiphx 34"" 1500R Curved WQHD (3440 x 1440) VA Gaming Monitor with AMD Radeon Freesync, VESA Certified DisplayHDR400, 95% sRGB, 144Hz, 1ms VRB (Display Port & 2 x HDMI 2.0 Ports)",$427.99,4.5 out of 5 stars,948,https://www.amazon.com/s?k=ultrawide+monitor&ref=nb_sb_noss_1
"Sceptre Curved 30"" 21:9 Gaming LED Monitor 2560x1080p UltraWide Ultra Slim HDMI DisplayPort Up to 85Hz MPRT 1ms FPS-RTS Build-in Speakers, Machine Black (C305W-2560UN)",$235.91,4.6 out of 5 stars,"2,338",https://www.amazon.com/s?k=ultrawide+monitor&ref=nb_sb_noss_1
"Lenovo G34w-10 34-Inch WQHD Curved Gaming Monitor, 21:9 Ultra-Wide, 3 Side NearEdgeless, 3440 x 1440, AMD FreeSync, 144Hz, HDMI, DP, Adjustable Stand, VESA, 66A1GCCBUS, Black",$459.99,4.3 out of 5 stars,89,https://www.amazon.com/s?k=ultrawide+monitor&ref=nb_sb_noss_1
"Z-Edge U28I4K 28-inch Gaming Monitor Ultra HD 4K 3840x2160 IPS LED Monitor, 300 cd/m², 4 ms Response Time, HDMI+DP+Type-C+USB-B+USB2, Built-in Speakers, FreeSync Technology",$269.99,3.9 out of 5 stars,15,https://www.amazon.com/s?k=ultrawide+monitor&ref=nb_sb_noss_1
"UG27Q 27-inch IPS Gaming Monitor 100Hz - QHD 2K 2560 x 1440 Computer Monitor with HDR and Eye-Care Technology, 178° Wide View Angle",$239.99,5.0 out of 5 stars,3,https://www.amazon.com/s?k=ultrawide+monitor&ref=nb_sb_noss_1
"Deco Gear 35"" Curved Ultrawide LED Gaming Monitor 21:9 Aspect Ratio, Crisp 2560 x 1080 Resolution, 16.7 Million Colors, 75 HZ Refresh Rate, 2000:1 Contrast Ratio, (HDMI, DVI, and DP Connections)",$339.95,4.7 out of 5 stars,333,https://www.amazon.com/s?k=ultrawide+monitor&ref=nb_sb_noss_1
"Sceptre Curved 30"" 21:9 Gaming LED Monitor 2560x1080p UltraWide Ultra Slim HDMI DisplayPort Up to 85Hz MPRT 1ms FPS-RTS Build-in Speakers, Machine Black (C305W-2560UN)",$235.91,4.6 out of 5 stars,"2,338",https://www.amazon.com/s?k=ultrawide+monitor&ref=nb_sb_noss_1
"LG 29WN600-W 29"" 21:9 UltraWide WFHD IPS HDR10 Monitor with FreeSync, Silver",$226.99,4.7 out of 5 stars,"1,814",https://www.amazon.com/s?k=ultrawide+monitor&ref=nb_sb_noss_1
"LG 29WP60G-B 29 Inch 21:9 UltraWide Full HD (2560 x 1080) IPS Monitor with sRGB 99% Color Gamut and HDR 10, USB Type-C Connectivity and 3-Side Virtually Borderless Display, Black",$226.99,4.6 out of 5 stars,"1,034",https://www.amazon.com/s?k=ultrawide+monitor&ref=nb_sb_noss_1
"Sceptre 35 Inch Curved UltraWide 21: 9 LED Creative Monitor QHD 3440x1440 Frameless AMD Freesync HDMI DisplayPort Up to 100Hz, Machine Black 2020 (C355W-3440UN)",$399.97,4.6 out of 5 stars,"2,251",https://www.amazon.com/s?k=ultrawide+monitor&ref=nb_sb_noss_1
LG 34GP83A-B 34 Inch 21: 9 UltraGear Curved QHD (3440 x 1440) 1ms Nano IPS Gaming Monitor with 144Hz and G-SYNC Compatibility - Black (34GP83A-B),$799.99,4.7 out of 5 stars,604,https://www.amazon.com/s?k=ultrawide+monitor&ref=nb_sb_noss_1
LG 25UM58-P 25'' UltraWide 21:9 IPS Full HD Monitor with sRGB 99% and On-Screen Control with Screen Split,$178.99,4.5 out of 5 stars,"3,812",https://www.amazon.com/s?k=ultrawide+monitor&ref=nb_sb_noss_1
"MOUNTUP Dual Monitor Stand - Free Standing & Height Adjustable Monitor Desk Mount, Steady VESA Mount Computer Monitor Stand for 2 Screens up to 27 inch, MU1002",$37.99,4.5 out of 5 stars,66,https://www.amazon.com/s?k=ultrawide+monitor&ref=nb_sb_noss_1
"GIGABYTE G34WQC 34"" 144Hz Ultra-Wide Curved Gaming Monitor, 3440 x 1440 VA 1500R Display, 1ms (MPRT) Response Time, 90% DCI-P3, VESA Display HDR400, FreeSync Premium, G-Sync Compatible Ready",$399.99,4.6 out of 5 stars,"2,492",https://www.amazon.com/s?k=ultrawide+monitor&ref=nb_sb_noss_1
"AOC CU34G2X 34"" Curved Frameless Immersive Gaming Monitor, UltraWide QHD 3440x1440, VA Panel, 1ms 144Hz Adaptive-Sync, Height Adjustable, 3-Yr Zero Dead Pixels",$449.99,4.7 out of 5 stars,"9,193",https://www.amazon.com/s?k=ultrawide+monitor&ref=nb_sb_noss_1
"Z-Edge U29IA 29"" Ultrawide Gaming Monitor 2560x1080 WFHD 21:9 Aspect Ratio 100Hz Refresh Rate 4ms MPRT IPS Monitor, HDMIx2+DP with Wireless Keyword and Mouse (Black)",$189.99,4.2 out of 5 stars,39,https://www.amazon.com/s?k=ultrawide+monitor&ref=nb_sb_noss_1
"Philips 343E2E 34"" Frameless IPS Monitor, UltraWide Full HD 2560x1080, 123% sRGB/109% NTSC, 1ms 75Hz FreeSync, USB-C (w/PD up to 65W), Height Adjustable, VESA, 4Yr Advance Replacement",$297.60,4.6 out of 5 stars,"8,559",https://www.amazon.com/s?k=ultrawide+monitor&ref=nb_sb_noss_1
"TVON Single VESA Monitor Stand, Free-Standing Computer Desk Riser for 13-32 inch Screen with Height Adjustable,Swivel, Tilt,Rotation Mount, Hold up to 22 lbs, VESA 75x75 100x100mm, Black",$29.99,3.6 out of 5 stars,5,https://www.amazon.com/s?k=ultrawide+monitor&ref=nb_sb_noss_1
"Acer Nitro XZ342CK Pbmiiphx 34"" 1500R Curved WQHD (3440 x 1440) VA Gaming Monitor with AMD Radeon Freesync, VESA Certified DisplayHDR400, 95% sRGB, 144Hz, 1ms VRB (Display Port & 2 x HDMI 2.0 Ports)",$427.99,4.5 out of 5 stars,948,https://www.amazon.com/s?k=ultrawide+monitor&ref=nb_sb_noss_1
"Sceptre Curved 30"" 21:9 Gaming LED Monitor 2560x1080p UltraWide Ultra Slim HDMI DisplayPort Up to 85Hz MPRT 1ms FPS-RTS Build-in Speakers, Machine Black (C305W-2560UN)",$235.91,4.6 out of 5 stars,"2,338",https://www.amazon.com/s?k=ultrawide+monitor&ref=nb_sb_noss_1
"Lenovo G34w-10 34-Inch WQHD Curved Gaming Monitor, 21:9 Ultra-Wide, 3 Side NearEdgeless, 3440 x 1440, AMD FreeSync, 144Hz, HDMI, DP, Adjustable Stand, VESA, 66A1GCCBUS, Black",$459.99,4.3 out of 5 stars,89,https://www.amazon.com/s?k=ultrawide+monitor&ref=nb_sb_noss_1
"Z-Edge U28I4K 28-inch Gaming Monitor Ultra HD 4K 3840x2160 IPS LED Monitor, 300 cd/m², 4 ms Response Time, HDMI+DP+Type-C+USB-B+USB2, Built-in Speakers, FreeSync Technology",$269.99,3.9 out of 5 stars,15,https://www.amazon.com/s?k=ultrawide+monitor&ref=nb_sb_noss_1
"UG27Q 27-inch IPS Gaming Monitor 100Hz - QHD 2K 2560 x 1440 Computer Monitor with HDR and Eye-Care Technology, 178° Wide View Angle",$239.99,5.0 out of 5 stars,3,https://www.amazon.com/s?k=ultrawide+monitor&ref=nb_sb_noss_1
